Top queries,Clicks,Impressions,CTR,Position
arizona web company,3,59,5.08%,2.86
arizona web development,1,327,0.31%,36.43
seo company in arizona,1,80,1.25%,60.4
free followers instagram 50k,1,2,50%,68
get 50 free instagram followers,1,2,50%,115.5
get free 50 instagram followers,1,1,100%,99
web development phoenix,0,444,0%,54.81
arizona web design,0,325,0%,47.51
az web design,0,307,0%,54.89
arizona seo,0,254,0%,52.57
arizona seo company,0,224,0%,55.59
arizona web developer,0,201,0%,50.78
wordpress critical error,0,199,0%,62.02
web development arizona,0,187,0%,24.61
arizona website design,0,174,0%,57.98
web design az,0,172,0%,68
arizona seo services,0,171,0%,50.53
web design arizona,0,166,0%,64.66
web design company arizona,0,149,0%,46.58
seo services arizona,0,148,0%,51.75
seo companies arizona,0,145,0%,63.77
seo services tempe,0,144,0%,47.12
website design gilbert az,0,139,0%,20.55
seo plans in arizona,0,136,0%,37.65
arizona seo agency,0,133,0%,58.01
web developer phoenix,0,130,0%,71.46
seo for home services arizona,0,126,0%,67.91
web projects az,0,123,0%,47.33
arizona technology seo firm,0,120,0%,41.35
web projects in arizona,0,120,0%,45.33
cheap and effective organic seo in arizona,0,114,0%,16.76
web developer arizona,0,114,0%,59.39
search engine optimization arizona,0,113,0%,69.3
arizona organic affordable seo growth,0,109,0%,15.97
arizona website development,0,108,0%,37.28
web projects phoenix az,0,107,0%,53.79
phoenix az web projects,0,107,0%,57.79
arizona seo companies,0,104,0%,60.64
gilbert web design,0,102,0%,75.63
affordable seo solutions for any businesses az,0,95,0%,25.86
az seo growth,0,95,0%,34.98
arizona effective organic cheap seo growth,0,94,0%,17.85
az seo plans,0,93,0%,28.77
seo arizona,0,93,0%,44.15
arizona website companies,0,92,0%,8.75
az custom wordpress developer,0,92,0%,43.67
web projects phoenix arizona,0,91,0%,43.42
web projects in phoenix,0,91,0%,58.14
seo agency in arizona,0,91,0%,61.14
web development company phoenix,0,90,0%,54.33
seo companies in arizona,0,90,0%,65.2
cheap seo growth in arizona,0,89,0%,25.82
growth of cheap organic seo az,0,89,0%,31.22
seo consulting arizona,0,89,0%,47.94
arizona affordable organic seo growth,0,88,0%,24.14
arizona seo project,0,88,0%,24.93
web projects phoenix,0,87,0%,56.07
"best wordpress plugin for internal linking,10.00,low,29,approved",0,87,0%,80.57
growth of cheap organic seo in arizona,0,86,0%,17.81
arizona organic cheap seo growth,0,86,0%,18.9
az effective seo growth,0,86,0%,36.42
web projects in phoenix arizona,0,85,0%,47.22
arizona cheap organic seo growth,0,84,0%,21.48
effective cheap organic seo az,0,84,0%,22.99
az national seo package,0,84,0%,24.62
growth of cheap organic seo arizona,0,84,0%,27.48
seo project arizona,0,84,0%,31.57
seo cost phoenix,0,83,0%,17.17
seo cheap organic growth in az,0,83,0%,19.05
az seo projects,0,83,0%,29.45
cheap seo growth service az,0,82,0%,19.79
seo plans az,0,82,0%,27.89
wordpress development services arizona,0,82,0%,45.15
seo consulting az,0,82,0%,49.78
seo plans in az,0,81,0%,29.4
arizona organic growth seo,0,81,0%,48.22
seo company price comparison arizona,0,80,0%,11.36
seo projects az,0,80,0%,39.15
seo projects arizona,0,80,0%,44.96
web projects in phoenix az,0,80,0%,50.79
wordpress development company in arizona,0,80,0%,51.35
effective cheap organic seo arizona,0,79,0%,17.62
arizona national seo package,0,79,0%,30.56
az seo consulting phoenix,0,79,0%,51.23
az affordable organic seo growth,0,78,0%,23.54
growth of cheap organic seo in az,0,78,0%,26.5
website development arizona,0,78,0%,38.33
seo growth arizona,0,78,0%,42.96
cheap seo growth arizona,0,77,0%,23.87
arizona seo projects,0,77,0%,42.3
cheap organic growth of seo in az,0,76,0%,35.42
seo growth service az,0,75,0%,43.68
web hosting companies in arizona,0,75,0%,69.85
az cheap effective organic seo growth,0,74,0%,20.53
cheap effective organic seo growth az,0,73,0%,17.68
seo projects in arizona,0,73,0%,49.58
web development phoenix az,0,73,0%,57.93
az organic cheap seo growth,0,72,0%,16.6
arizona seo growth,0,72,0%,36.25
national seo package in az,0,71,0%,20.76
affordable seo company ahwatukee,0,70,0%,23.4
arizona web design company,0,70,0%,31.5
seo company services az,0,70,0%,56.4
cheap arizona organic seo growth,0,69,0%,21.32
phoenix az cheap search engine optimization,0,69,0%,50.19
"best seo services in scottsdale, az",0,69,0%,67.84
effective affordable organic seo growth az,0,68,0%,18.78
seo project in arizona,0,68,0%,48.28
az seo,0,68,0%,48.71
phoenix website developer,0,68,0%,56.07
effective cheap organic seo growth az,0,67,0%,18.49
effective cheap organic seo growth arizona,0,67,0%,27.96
seo growth service arizona,0,67,0%,51.55
seo in az,0,67,0%,54.85
seo service arizona,0,67,0%,65.04
az cheap organic seo growth,0,66,0%,19.61
arizona wordpress,0,66,0%,60.76
cheap organic seo packages az,0,65,0%,17.35
cheap and effective organic seo growth az,0,65,0%,18.46
cheap organic seo growth in az,0,65,0%,18.63
arizona organic seo consulting,0,65,0%,49.03
seo in arizona,0,65,0%,60.86
best arizona seo companies,0,65,0%,64.43
seo tempe az,0,65,0%,67.03
search engine optimization az,0,65,0%,71.12
top phoenix web development agencies,0,65,0%,71.51
cheap organic seo growth in arizona,0,64,0%,19.05
az seo company,0,64,0%,32.16
seo growth cheap organic phoenix arizona,0,64,0%,37.62
critical error wordpress,0,64,0%,65.92
cheap organic az seo growth,0,63,0%,25.25
cheap organic growth of seo in arizona,0,63,0%,28.02
seo services in arizona,0,63,0%,55.54
az custom wordpress development services,0,63,0%,71.05
awebco,0,63,0%,77.3
website projects phoenix arizona,0,61,0%,40.31
search engine optimization arizona phoenix,0,61,0%,46.95
local seo company consulting in arizona,0,61,0%,53.72
mobile app development arizona,0,60,0%,39.33
arizona organic cheap seo,0,60,0%,40.12
best seo companies arizona,0,58,0%,65.97
phoenix az website projects,0,58,0%,68.88
local seo phoenix search engine optimization,0,58,0%,88.55
"gilbert, ariz. contractor website design",0,57,0%,51.77
seo az,0,57,0%,54.16
web development agency arizona,0,56,0%,15.98
seo services mesa az,0,56,0%,59.77
wordpress developer in phoenix arizona,0,56,0%,67.11
az seo organic growth consulting,0,55,0%,44.58
seo company arizona,0,54,0%,55.54
"wordpress auto internal links,10.00,high,76,approved",0,54,0%,77.63
arizona effective organic growth seo,0,53,0%,70.55
seo project in phoenix az,0,52,0%,17.73
arizona backend development,0,52,0%,55.29
web designer arizona,0,52,0%,65.19
az cheap organic seo,0,51,0%,19.53
mobile app development phoenix,0,51,0%,52.55
arizona seo firm,0,50,0%,58.84
seo agency in tempe,0,50,0%,61.8
top seo companies in arizona,0,49,0%,88.31
best arizona seo company,0,48,0%,53.85
tempe seo services,0,48,0%,61.19
web design gilbert,0,48,0%,68.88
"wordpress seo internal links,210.00,low,2,approved",0,47,0%,62.32
"wordpress plugin for internal linking,70.00,low,5,approved",0,47,0%,66.26
az website design,0,47,0%,68.32
cheap organic seo packages arizona,0,46,0%,14.65
phoenix search optimization,0,46,0%,52.39
"wordpress find internal links,20.00,low,3,approved",0,46,0%,72.15
"internal link building wordpress plugin,10.00,low,0,approved",0,44,0%,58.55
seo services near me goodyear az,0,44,0%,78.86
seo agency arizona,0,43,0%,53.93
custom mobile app development arizona,0,42,0%,39.29
web developer phoenix az,0,42,0%,54.64
"internal link building plugin,20.00,low,0,approved",0,42,0%,60.95
there has been a critical error on this website. wordpress,0,42,0%,62.62
critical wordpress error,0,42,0%,68.64
web development agency gilbert az,0,41,0%,3.78
arizona technology media agency,0,41,0%,49.22
wordpress developer phoenix arizona,0,41,0%,63
"wordpress internal linking plugin,90.00,low,25,approved",0,41,0%,65.95
website development service gilbert az,0,40,0%,36.23
web development company phoenix az,0,40,0%,41.6
arizona seo expert,0,40,0%,42.8
web development sedona,0,40,0%,45.4
arizona seo package plan,0,39,0%,23.15
web design gilbert az,0,39,0%,31.36
mobile app development scottsdale,0,39,0%,35.56
mobile app development services arizona,0,39,0%,41.23
az web solutions,0,39,0%,42.87
website design in arizona,0,39,0%,62.36
best seo company in arizona,0,39,0%,78.26
phoenix arizona seo project,0,37,0%,12.57
best seo company in mesa az,0,37,0%,68.86
web development scottsdale,0,37,0%,71.14
"wordpress plugin internal links,10.00,medium,36,approved",0,37,0%,78.35
az phoenix seo projects,0,36,0%,23.53
arizona technology ad agency,0,36,0%,41.11
seo marketing aizona,0,36,0%,46.36
arizona frontend development,0,35,0%,39
phoenix az organic search,0,35,0%,51.31
seo in tempe,0,35,0%,68.31
web design companies in arizona,0,35,0%,69.49
champaign web development,0,35,0%,82.71
best seo companies in arizona,0,35,0%,89.46
best seo company arizona,0,34,0%,40.88
arizona seo organic growth consulting,0,34,0%,61.62
"plugin internal link wordpress,10.00,unknown,,approved",0,34,0%,76.38
web developers in phoenix az,0,33,0%,42.3
arizona web designers,0,33,0%,48.06
"wordpress internal linking,210.00,low,21,approved",0,33,0%,90.21
phoenix search engine optimization,0,32,0%,45
az seo optimization services,0,32,0%,51.69
web developers arizona,0,31,0%,16.13
cheap search engine optimization phoenix arizona,0,31,0%,51.58
web development phoenix projects,0,31,0%,64.65
az cheap effective organic growth seo,0,30,0%,38.8
arizona seo service,0,30,0%,48.9
arizona web design and seo,0,30,0%,65.1
app development company arizona,0,29,0%,44.9
arizona seo agencies,0,29,0%,60
arizona seo company reviews,0,29,0%,62.17
web development company in arizona,0,28,0%,27.86
"wordpress plugin auto internal link,10.00,low,0,approved",0,28,0%,53.71
arizona search engine optimization,0,28,0%,60.89
arizona web marketing,0,28,0%,63.96
wordpress developer phoenix,0,28,0%,68.25
carmel web development,0,28,0%,72.57
web agency ain,0,28,0%,81.25
web designer in arizona,0,27,0%,62.63
best mobile app development company scottsdale,0,26,0%,36.38
web developers sedona,0,26,0%,42.42
arizona healthcare seo firm,0,26,0%,42.92
web designers in arizona,0,26,0%,50.85
seo marketing agency arizona,0,26,0%,69.38
web development companies in phoenix,0,26,0%,69.5
professional seo agency surprise az,0,26,0%,84.15
seo project phoenix,0,25,0%,12.32
instagram followers hack 50k free,0,25,0%,30.52
arizona successful seo organic growth,0,25,0%,59
app development phoenix,0,25,0%,62.2
tempe arizona seo,0,25,0%,64.04
website development company gilbert,0,24,0%,33.88
phoenix online search marketing,0,24,0%,37.12
arizona retail services seo firm,0,24,0%,43.75
app developers phoenix az,0,24,0%,45
seo tempe arizona,0,24,0%,61.54
seo packages tempe,0,23,0%,40.39
expert search engine optimization in phoenix,0,23,0%,46.43
phoenix local search optimization,0,23,0%,46.96
azusa web design,0,23,0%,69.09
"internal links seo wordpress,210.00,low,2,approved",0,23,0%,69.57
web design services gilbert az,0,22,0%,15.95
website design gilbert arizona,0,22,0%,31.41
app development scottsdale,0,22,0%,39.73
phoenix search engine marketing,0,22,0%,46.45
phoenix app developers,0,22,0%,55.23
arizona web designer,0,22,0%,56.23
organic search growth phoenix az,0,22,0%,66
az organic seo growth services,0,22,0%,69.36
"wordpress internal link suggestion,20.00,low,0,approved",0,22,0%,76
web design tempe az,0,22,0%,83.86
seo project phoenix az,0,21,0%,11.38
wordpress there has been a critical error on this website,0,21,0%,32.9
scottsdale web development,0,21,0%,62.67
phoenix web developers,0,21,0%,63.67
az website designers,0,21,0%,72.9
azusa web designer,0,21,0%,73.48
arizona web design companies,0,20,0%,44.4
mobile website design arizona,0,20,0%,62.75
web design company in arizona,0,20,0%,62.9
"best internal link plugin wordpress,50.00,low,32,approved",0,20,0%,78.45
local seo expert near me,0,20,0%,88.9
web development agency mesa az,0,19,0%,11.89
phoenix seo expert for small business,0,19,0%,27.79
seo consultant in mesa,0,19,0%,55.84
web development gilbert arizona,0,18,0%,6.78
wordpress there has been a critical error on this website.,0,18,0%,38.61
mesa az wordpress developer,0,18,0%,47.61
web design agency arizona,0,18,0%,51
arizona digital marketing,0,18,0%,53.5
az organic seo growth,0,18,0%,53.67
web design mesa az,0,18,0%,59.56
tempe az seo agency,0,18,0%,59.78
seo services mesa,0,18,0%,62.89
search engine optimization in az,0,18,0%,71.17
professional seo agency tempe,0,17,0%,41.76
az affordable organic seo,0,17,0%,41.94
az organic growth seo,0,17,0%,47.76
seo jobs arizona,0,17,0%,49.59
web app development scottsdale,0,17,0%,57.71
app development arizona,0,17,0%,58.35
effective arizona organic seo growth,0,17,0%,67.59
website design az,0,17,0%,69.82
web development agency chandler az,0,17,0%,72.53
website design gilbert,0,17,0%,73.94
effective organic seo growth solutions az,0,17,0%,74.24
"interlinking plugin wordpress,10.00,low,3,approved",0,17,0%,78.29
top seo services agency in arizona,0,17,0%,81.71
web development phoenix arizona,0,16,0%,28.56
az digital marketing,0,16,0%,37.69
phoenix local search marketing,0,16,0%,50.56
wordpress web development company phoenix az,0,16,0%,51.25
arizona local seo consultant,0,16,0%,54.19
seo company mesa arizona,0,16,0%,60.38
website design companies in arizona,0,16,0%,62.31
web development agency phoenix,0,16,0%,62.62
arizona website designer,0,16,0%,72
best seo service in arizona,0,16,0%,76.88
"wordpress interlinking plugin,10.00,low,3,approved",0,16,0%,77.31
cheap organic seo growth packages az,0,15,0%,27.2
web development company,0,15,0%,41.2
arizona seo organic growth,0,15,0%,56.53
app development company phoenix,0,15,0%,63.93
"automatic internal linking wordpress,20.00,low,32,approved",0,15,0%,71.93
az effective organic seo growth,0,15,0%,84.53
seo growth cheap organic az,0,14,0%,18.5
seo cheap organic growth phoenix arizona,0,14,0%,24.93
effective seo organic growth arizona,0,14,0%,33
arizona web design agency,0,14,0%,47.14
small business custom website development arizona,0,14,0%,49.86
seo service az,0,14,0%,52.21
top arizona seo agency,0,14,0%,59.07
peoria web development,0,14,0%,66
effective organic seo growth arizona,0,14,0%,75.29
web development service ada,0,14,0%,79.93
organic affordable seo growth arizona,0,13,0%,36.31
arizona seo consultant,0,13,0%,38
reliable seo services tempe,0,13,0%,38.08
arizona webdesign,0,13,0%,42.46
arizona seo search engine optimization,0,13,0%,44.54
seo consultant mesa,0,13,0%,45.31
organic seo growth arizona,0,13,0%,50.23
website developer phoenix,0,13,0%,50.38
seo company az,0,13,0%,54.38
tempe seo company,0,13,0%,61.23
arizona ecommerce web design,0,13,0%,63.54
seo and website developers ahwatukee,0,13,0%,66.31
web designer cave creek,0,13,0%,74.62
web app development near me,0,13,0%,82.31
web development carmel,0,13,0%,89.77
seo growth cheap organic arizona,0,12,0%,15.67
azweb,0,12,0%,22.42
affordable arizona organic seo growth,0,12,0%,27.42
arizona web design services,0,12,0%,29.83
effective organic cheap seo growth phoenix az,0,12,0%,30.67
web development services,0,12,0%,40.17
phoenix az organic cheap seo growth,0,12,0%,41.58
best web app development services in arizona,0,12,0%,52.25
seo services in az,0,12,0%,54.5
gilbert ecommerce web design,0,12,0%,54.67
web designer az,0,12,0%,65.58
mobile app development tucson,0,12,0%,69.83
"best internal linking plugin,20.00,low,16,approved",0,12,0%,71.08
arizona effective organic seo growth,0,12,0%,76.58
queen creek seo,0,12,0%,78.25
website designer tempe arizona,0,12,0%,86.25
web development near me,0,11,0%,26
web designer in gilbert az,0,11,0%,29.91
affordable seo organic growth az,0,11,0%,36.18
phoenix arizona local search optimization,0,11,0%,40.64
organic cheap seo growth arizona,0,11,0%,43.27
web designers gilbert,0,11,0%,46.18
best seo services in tempe,0,11,0%,52.82
seo specialist in arizona,0,11,0%,52.82
web designer in gilbert,0,11,0%,54.55
web developers phoenix,0,11,0%,56.09
seo company mesa az,0,11,0%,60.55
website designer arizona,0,11,0%,63
seo tempe,0,11,0%,65.55
web development agencies in phoenix,0,11,0%,66.82
phoenix az wordpress development company,0,11,0%,74.36
website design arizona,0,11,0%,80
local seo for home services arizona,0,11,0%,92.18
arizona web,0,10,0%,31.3
mesa az web design company,0,10,0%,46.1
app development company in arizona,0,10,0%,46.7
arizona website developers,0,10,0%,47.3
arizona seo optimization services,0,10,0%,48
az websites,0,10,0%,48.3
seo services az,0,10,0%,53.4
local seo company arizona,0,10,0%,60.9
local search engine optimization phoenix seo dominetics,0,10,0%,64
seo services chandler,0,10,0%,65.2
arizona attorney seo,0,10,0%,71.7
peoria az seo agency,0,10,0%,71.9
seo queen creek az,0,10,0%,73
web design in arizona,0,10,0%,76.2
peoria arizona website design,0,10,0%,79.5
web design tempe arizona,0,10,0%,81.5
seo project phoenix arizona,0,9,0%,12
web designers near me,0,9,0%,35.33
web development company arizona,0,9,0%,35.78
website designer in near me,0,9,0%,35.89
web designer nearby,0,9,0%,39.78
web designer near me,0,9,0%,41.33
arizona mobile development programmers,0,9,0%,43.56
app developer arizona,0,9,0%,46.89
seo company tempe,0,9,0%,48.56
arizona website design company,0,9,0%,48.89
tempe seo expert,0,9,0%,55.22
mobile app development company phoenix,0,9,0%,57.22
top web app development company in arizona,0,9,0%,61.22
seo firm in arizona,0,9,0%,62.67
search engine optimization companies tempe,0,9,0%,66.33
seo company in mesa,0,9,0%,66.89
peoria arizona web design,0,9,0%,72.22
seo agency near me peoria az,0,9,0%,80.44
web designer tempe az,0,9,0%,81.78
web designer tempe arizona,0,9,0%,82.22
website development service chandler arizona,0,9,0%,83.33
peoria az web designer,0,9,0%,87.56
50 free instagram followers,0,9,0%,92.56
phoenix az seo project,0,8,0%,16.38
marketing automation phoenix,0,8,0%,26.62
react native mobile app development arizona,0,8,0%,26.75
"website design and seo gilbert, az",0,8,0%,31.88
mobile application development arizona,0,8,0%,37
scottsdale app developers,0,8,0%,39.88
arizona retail services ux/ui,0,8,0%,40.12
arizona seo packages,0,8,0%,40.38
scottsdale mobile development companies,0,8,0%,44.88
website developer in phoenix,0,8,0%,46.88
mesa website development services,0,8,0%,48.88
website developers phoenix,0,8,0%,52.62
app development companies in arizona,0,8,0%,54.88
az local seo consultant,0,8,0%,56.25
arizona organic seo growth,0,8,0%,58.88
web developers phoenix az,0,8,0%,59.25
critical error on wordpress site,0,8,0%,63
low-cost website development packages for small businesses arizona,0,8,0%,64.12
phoenix az wordpress designer,0,8,0%,66.75
web development flagstaff az,0,8,0%,68.38
there is a critical error in your website wordpress,0,8,0%,69.88
peoria website development,0,8,0%,70.12
effective organic growth seo arizona,0,8,0%,73.38
wordpress critical error on this website,0,8,0%,74.5
web development champaign,0,8,0%,77.38
arizona effective growth of organic seo,0,8,0%,77.5
best web design company sun city az,0,8,0%,88
web development agency in az,0,7,0%,15.14
local search phoenix,0,7,0%,18.71
gilbert arizona web designers,0,7,0%,26.43
mobile app developers arizona,0,7,0%,31
az web,0,7,0%,34.43
marketing automation for smbs arizona,0,7,0%,39.14
mobile app development company in arizona,0,7,0%,39.29
phoenix arizona organic cheap seo growth,0,7,0%,39.71
web development company near me,0,7,0%,44.14
seo expert arizona,0,7,0%,45.71
wordpress web design in gilbert,0,7,0%,49.43
web design company az,0,7,0%,52
web application development scottsdale,0,7,0%,54.57
yuma arizona seo,0,7,0%,60.43
'wordpress critical error',0,7,0%,62.43
application development phoenix,0,7,0%,62.71
web design agency mesa arizona,0,7,0%,63.71
app developer phoenix,0,7,0%,69.14
arizona web hosting,0,7,0%,78.29
peoria az web design,0,7,0%,78.43
website designer tempe az,0,7,0%,82
"seo services for law firms in scottsdale, az",0,7,0%,87.71
flagstaff web development,0,7,0%,87.86
phoenix local search engine optimization,0,7,0%,89.14
"seo and web design services gilbert, az",0,6,0%,27.83
web development agency phoenix az,0,6,0%,33.83
mobile app development company arizona,0,6,0%,34.67
arizona mobile app developers,0,6,0%,36
scottsdale app development,0,6,0%,44.17
best mobile app development company in arizona,0,6,0%,44.67
top app development companies in arizona,0,6,0%,44.83
arizona seo package,0,6,0%,45.67
app developers arizona,0,6,0%,46.5
arizona interactive agency,0,6,0%,46.67
app development in arizona,0,6,0%,48.5
seo expert in arizona,0,6,0%,48.5
arizona seo specialist,0,6,0%,50.67
iphone app developers arizona,0,6,0%,52.67
mobile app development company in phoenix,0,6,0%,55.33
app developers in phoenix,0,6,0%,56.5
ab web developers,0,6,0%,57.5
web development companies phoenix az,0,6,0%,58
app development services phoenix,0,6,0%,60.83
scottsdale website development,0,6,0%,64
az emarketing,0,6,0%,67.33
seo services fountain hills az,0,6,0%,68
web development northern arizona,0,6,0%,69.5
arizona search engine marketing,0,6,0%,70.5
wordpress error there has been a critical error on this website.,0,6,0%,71.17
seo company maricopa county,0,6,0%,72
mobile app development company tucson,0,6,0%,77.33
website development altoona,0,6,0%,84
mobile app development in glendale,0,6,0%,86.67
website design for contractor gilbert,0,6,0%,91.33
"internal link in wordpress,210.00,low,21,approved",0,6,0%,93.5
phoenix ecommerce web development agency for b2b,0,6,0%,93.67
local seo for home services in arizona,0,6,0%,95.17
website development company near me,0,5,0%,29.2
seo projects in phoenix arizona,0,5,0%,30.4
arizona mobile app development,0,5,0%,37.8
mobile app development companies in arizona,0,5,0%,38.2
mobile app developer arizona,0,5,0%,39.4
best web application development company in arizona,0,5,0%,41.6
mobile app companies in arizona,0,5,0%,42
iphone app development arizona,0,5,0%,44.4
web designers arizona,0,5,0%,51.6
local search optimization phoenix,0,5,0%,52.4
50 followers free,0,5,0%,53.4
phoenix web developer,0,5,0%,60
scottsdale az web development companies,0,5,0%,64.8
seo surprise az,0,5,0%,64.8
az web design and seo,0,5,0%,66.6
seo marketing arizona,0,5,0%,68.2
web development agency scottsdale az,0,5,0%,68.4
search engine optimization company sun city az,0,5,0%,69
seo services avondale az,0,5,0%,69
search engine optimization companies tempe reviews,0,5,0%,69.6
web development agency ada,0,5,0%,71.4
ecommerce development agency in arizona,0,5,0%,73.8
seo agency in mesa az,0,5,0%,84.2
a web co,0,5,0%,85.8
mesa az search engine optimization,0,5,0%,88.2
free 50 instagram followers,0,5,0%,88.6
accounting web design gilbert,0,5,0%,89.6
web development springfield,0,5,0%,92.4
"web design agency in peoria, az",0,5,0%,95.8
arizona seo company for attorneys,0,5,0%,96
arizona mobile development,0,4,0%,14
web development agency tempe az,0,4,0%,24.5
android app development company arizona,0,4,0%,31.5
experts national seo phoenix,0,4,0%,33.75
app developers in arizona,0,4,0%,34.25
free instagram followers 50k,0,4,0%,35
seo consultant,0,4,0%,35.5
app development companies arizona,0,4,0%,39.5
android app development company in arizona,0,4,0%,40.25
seo experts web design arizona,0,4,0%,40.25
national seo packages arizona,0,4,0%,40.5
seo news arizona,0,4,0%,41.75
web design services arizona,0,4,0%,42
affordable seo az,0,4,0%,43.75
web az,0,4,0%,45.75
az digital marketing agency,0,4,0%,46
az seo expert,0,4,0%,46
mobile app design phoenix,0,4,0%,48.25
arizona web design firm,0,4,0%,49.25
seo services company arizona,0,4,0%,54
seo services peoria az,0,4,0%,58.25
seo services casa grande az,0,4,0%,59.75
wordpress internal link suggestion,0,4,0%,59.75
seo services goodyear az,0,4,0%,60.5
wordpress developer for small business phoenix,0,4,0%,61.25
tempe seo agency,0,4,0%,61.75
top arizona seo agencies,0,4,0%,63.25
seo company cave creek,0,4,0%,63.75
arizona website designers,0,4,0%,64
az local seo services,0,4,0%,65.25
seo services suncity az,0,4,0%,67.5
seo services surprise az,0,4,0%,67.75
web development companies near me,0,4,0%,69
wordpress developer phoenix az,0,4,0%,70.75
phoenix seo plan arizona seo plan,0,4,0%,71
arizona lawyer seo,0,4,0%,71.25
seo agency mesa,0,4,0%,71.25
arizona digital marketing agency,0,4,0%,72
web hosting arizona,0,4,0%,73.5
seo services near me surprise az,0,4,0%,74.5
there has been a critical error on this website wordpress,0,4,0%,75
seo peoria az,0,4,0%,77
web consulting phoenix arizona,0,4,0%,78.25
website designers in ahwatukee,0,4,0%,78.25
seo digital marketing company arizona,0,4,0%,78.5
seo services near sun city az,0,4,0%,78.5
web seo solutions,0,4,0%,78.75
arizona website management,0,4,0%,80
local search engine optimization company phoenix,0,4,0%,80
web design company maricopa county,0,4,0%,82
web seo services,0,4,0%,82
seo services globe az,0,4,0%,84.5
seo services in prescott az,0,4,0%,84.75
search engine optimization services sun city,0,4,0%,93.5
free instagram followers 50,0,4,0%,99
web development az,0,3,0%,13
affordable seo packages az,0,3,0%,14.33
mobile website arizona,0,3,0%,14.67
cheap seo packages az,0,3,0%,16.33
cheap seo az,0,3,0%,17
seo growth phoenix arizona,0,3,0%,19.33
search engine optimization expert phoenix,0,3,0%,24.67
custom web development sun city,0,3,0%,32.67
local seo in the city of phoenix,0,3,0%,33.33
az cheap seo growth service,0,3,0%,37.33
app companies in arizona,0,3,0%,45.33
arizona professional seo services,0,3,0%,46.67
arizona seo consultant services,0,3,0%,47
seo services tempe az,0,3,0%,47
seo expert phoenix,0,3,0%,50
website designer near me,0,3,0%,50.67
seo services in yuma,0,3,0%,53
frontend solutions,0,3,0%,56.67
seo package arizona,0,3,0%,56.67
arizona digital marketing company,0,3,0%,57
website development company in phoenix,0,3,0%,60.67
best search engine optimization companies tempe,0,3,0%,61.33
arizona social media agency,0,3,0%,62
business startups seo arizona,0,3,0%,62.33
seo company in chandler,0,3,0%,62.33
arizona local seo services,0,3,0%,62.67
web development scottsdale az,0,3,0%,63.67
arizona online marketing agency,0,3,0%,64.33
custom mobile app development phoenix,0,3,0%,65
seo services queen creek az,0,3,0%,65.33
"auto internal linking plugin wordpress,20.00,low,27,approved",0,3,0%,66.67
peoria wordpress development,0,3,0%,67
seo agency in mesa,0,3,0%,69.67
web development agency scottsdale,0,3,0%,70
arizona best website design agency,0,3,0%,74.67
"internal linking plugin,30.00,low,31,approved",0,3,0%,74.67
web development solutions,0,3,0%,80
avondale seo,0,3,0%,83.33
seo services near me avondale az,0,3,0%,84.67
seo services for small businesses,0,3,0%,85.33
queen creek web design company,0,3,0%,88.67
seo services maricopa az,0,3,0%,89.33
arizona engine optimization search seo,0,3,0%,92.33
arizona search engine optimization agency,0,3,0%,95
website design company near sun city az,0,3,0%,97.33
ecommerce web development arizona,0,3,0%,97.67
web development company gilbert az,0,2,0%,5.5
web development company mesa az,0,2,0%,18
affordable organic seo in az,0,2,0%,20.5
affordable seo agency near me,0,2,0%,22.5
arizona seo consultants,0,2,0%,24
cheap seo company az,0,2,0%,25
wordpress website seo agency near me,0,2,0%,27.5
freelance web developer scottsdale,0,2,0%,28.5
affordable seo solutions phoenix arizona,0,2,0%,35
website development company,0,2,0%,35
scottsdale web developer,0,2,0%,38.5
arizona state university web development,0,2,0%,41
arizona app development company,0,2,0%,43
web developer scottsdale,0,2,0%,43
arizona design web,0,2,0%,43.5
arizona technology content marketing,0,2,0%,44.5
instagram 50k followers free,0,2,0%,44.5
seo services seo company az,0,2,0%,45
az seo consulting service,0,2,0%,46
arizona digital agency,0,2,0%,46.5
app developers near me,0,2,0%,47
seo consultant arizona,0,2,0%,48
ecommerce website developer near me,0,2,0%,48.5
website development services,0,2,0%,49.5
arizona+website+design,0,2,0%,50
web designers arizona az,0,2,0%,50.5
web development agency,0,2,0%,51.5
web development usa scottsdale az,0,2,0%,51.5
az seo consultant,0,2,0%,52
mesa website development company,0,2,0%,53
seo avondale az,0,2,0%,53.5
epic web solutions,0,2,0%,55
seo companies az,0,2,0%,56.5
seo firm arizona,0,2,0%,57.5
web site design company in arizona,0,2,0%,58
arizona marketing,0,2,0%,58.5
az+website+design,0,2,0%,59
seo services buckeye az,0,2,0%,59
phoenix search engine ranking,0,2,0%,59.5
arizona+seo,0,2,0%,61.5
local seo camelback east,0,2,0%,62
arizona web hosting company,0,2,0%,65
seo agency mesa az,0,2,0%,66
top search engine optimization companies tempe,0,2,0%,67.5
website development scottsdale,0,2,0%,69.5
arizona wordpress theme,0,2,0%,70.5
small business web design az,0,2,0%,71.5
"internal link wordpress plugin,30.00,low,26,approved",0,2,0%,72
arizona law firm seo,0,2,0%,73
web+design+in+arizona,0,2,0%,73
attorney seo services tempe,0,2,0%,76
professional web design in azusa,0,2,0%,76.5
web design services sun city az,0,2,0%,78.5
website builder in tempe arizona,0,2,0%,78.5
organic search growth in phoenix az,0,2,0%,80
professional website design arizona,0,2,0%,80
arizona search engine optimization consultants,0,2,0%,81
website design company tempe az,0,2,0%,83.5
lawyer seo services tempe,0,2,0%,84
mobile app development company near me,0,2,0%,84
best seo company sun city,0,2,0%,85
seo agency for small business,0,2,0%,85.5
seo optimization for small business sun city,0,2,0%,87
seo experts sun city az,0,2,0%,88.5
top seo services in arizona,0,2,0%,89
arizona law firm seo service,0,2,0%,90
"wordpress internal page links,10.00,low,14,approved",0,2,0%,90
small business website design sun city az,0,2,0%,91.5
mobile app developers near me,0,2,0%,92.5
web development in new braunfels,0,2,0%,92.5
web design agency peoria az,0,2,0%,93
arizona web page design and promotion,0,2,0%,94
peoria az website design agency,0,2,0%,94
arizona seo professional for attorneys,0,2,0%,95
construction website design gilbert az,0,2,0%,95.5
search engine optimization northern arizona,0,2,0%,95.5
ecommerce developer arizona,0,2,0%,96
web design company near sun city az,0,2,0%,98.5
"wordpress automatic internal links plugin,10.00,medium,50,approved",0,2,0%,98.5
instagram followers free 50,0,2,0%,112
phoenix seo projects,0,1,0%,12
web development agency peoria az,0,1,0%,13
gilbert web development,0,1,0%,18
phoenix seo services pricing,0,1,0%,20
affordable seo service az,0,1,0%,21
best web development company sedona'äé,0,1,0%,23
website maintenance companies near me,0,1,0%,24
web developer near me,0,1,0%,25
website designer gilbert az,0,1,0%,26
web development agency surprise az,0,1,0%,27
arizona+web+design+company,0,1,0%,28
arizona app builders,0,1,0%,29
what is critical error,0,1,0%,30
a-z websites,0,1,0%,31
website design company gilbert az,0,1,0%,33
az professional seo,0,1,0%,34
web development company surprise az,0,1,0%,34
instagram followers 50k free,0,1,0%,36
affordable seo services sun city,0,1,0%,37
az website company,0,1,0%,37
az seo consultancy,0,1,0%,38
seo consultant in arizona,0,1,0%,38
az professional seo services,0,1,0%,40
arizona professional seo,0,1,0%,41
az seo consultant services,0,1,0%,41
phoenix seo guru,0,1,0%,41
seo services companies az,0,1,0%,42
az seo consulting,0,1,0%,43
seo company tempe az,0,1,0%,43
ecommerce website development near me,0,1,0%,44
seo agency tempe,0,1,0%,44
seo company winkelman az,0,1,0%,45
web developer companies,0,1,0%,45
arizona seo experts,0,1,0%,46
az online marketing,0,1,0%,46
az seo consulting services,0,1,0%,46
sedona webs development,0,1,0%,46
seo a-z,0,1,0%,46
wordpress developer arizona,0,1,0%,46
phoenix az affordable seo service,0,1,0%,47
affordable seo solutions phoenix,0,1,0%,48
arizona seo consultancy,0,1,0%,48
az seo guru,0,1,0%,48
digital marketing arizona,0,1,0%,49
arizona best seo company,0,1,0%,50
ecommerce web design arizona,0,1,0%,50
seo company in arozona,0,1,0%,50
arizona online marketing,0,1,0%,51
arizona seo consulting service,0,1,0%,53
arizona seo consulting,0,1,0%,54
seo company pinetop lakeside,0,1,0%,54
professional seo agency chandler az,0,1,0%,55
affordable web design az,0,1,0%,56
web designers in phoenix az,0,1,0%,56
50 followers free instagram,0,1,0%,57
50 followers on instagram free,0,1,0%,57
phoenix seo for plumbers,0,1,0%,57
website designer az,0,1,0%,58
arizona seo firms,0,1,0%,59
az digital media management,0,1,0%,59
wordpress development company phoenix,0,1,0%,59
az search engine optimization,0,1,0%,60
website designers arizona,0,1,0%,60
app developers phoenix,0,1,0%,61
arizona small business seo services,0,1,0%,62
how much does seo cost for a small business,0,1,0%,62
arizona digital marketing services,0,1,0%,63
azmobile,0,1,0%,63
seo company in chandler az,0,1,0%,63
seo service,0,1,0%,63
mobile application development phoenix,0,1,0%,64
arizona technology marketing,0,1,0%,65
az local search engine optimization,0,1,0%,65
ecommerce website builder arizona,0,1,0%,66
seo for attorneys in tempe,0,1,0%,66
website+design+az,0,1,0%,66
azuro digital,0,1,0%,67
website developer scottsdale,0,1,0%,67
az seo agency,0,1,0%,68
phoenix web design company,0,1,0%,68
best seo services for small business,0,1,0%,69
web development ventura,0,1,0%,69
website development scottsdale az,0,1,0%,70
mobile web development services,0,1,0%,71
wordpress designer in phoenix,0,1,0%,71
phoenix arizona website hosting,0,1,0%,72
search engine optimization agency sun city,0,1,0%,72
free instagram 50 followers,0,1,0%,73
seo company near sun city az,0,1,0%,73
local seo company az,0,1,0%,74
web designer mesa az,0,1,0%,74
seo in mesa az,0,1,0%,75
web design tempe,0,1,0%,75
software development scottsdale az,0,1,0%,76
affordable seo solutions phoenix az,0,1,0%,77
arizona social media marketing,0,1,0%,77
az creator,0,1,0%,77
website design companies in az,0,1,0%,77
arizona seo class,0,1,0%,78
web development astoria,0,1,0%,78
app development company near me,0,1,0%,80
arizona local seo agency for service businesses,0,1,0%,81
get 50 instagram followers free,0,1,0%,81
wordpress development firm in phoenix,0,1,0%,81
ab web,0,1,0%,82
local seo services near me,0,1,0%,82
seo expert for lawyers tempe,0,1,0%,82
tempe az web design,0,1,0%,84
website design tempe az,0,1,0%,84
aba workflow automation,0,1,0%,85
arizona website design agency,0,1,0%,85
instagram followers 50 free,0,1,0%,85
local seo kingman az,0,1,0%,85
seo services sun city az,0,1,0%,85
website hosting phoenix,0,1,0%,85
workflow web based,0,1,0%,86
arizona food service seo firm,0,1,0%,87
arizona seo digital marketing company,0,1,0%,87
web development chandler,0,1,0%,87
website design services sun city az,0,1,0%,87
arizona seo digital marketing agency,0,1,0%,88
"auto internal link wordpress,20.00,low,32,approved",0,1,0%,88
application development services,0,1,0%,90
free 50 followers instagram,0,1,0%,91
seo services,0,1,0%,91
websitedevelopernearme.in,0,1,0%,91
website design company sun city az,0,1,0%,92
web design in safford arizona,0,1,0%,93
seo mi az,0,1,0%,94
web design arizona sun city,0,1,0%,94
arizona web designe,0,1,0%,95
free 50 followers,0,1,0%,96
seoarizona,0,1,0%,96
seo agency for attorneys tempe,0,1,0%,97
seo for law firms in tempe,0,1,0%,97
app making company near me,0,1,0%,98
php development services in chandler,0,1,0%,98
50 free ig followers,0,1,0%,102
web and mobile app development agency,0,1,0%,112
free followers instagram 50,0,1,0%,117
free ig followers 50,0,1,0%,128
50 instagram followers free,0,1,0%,132