ID,post_name,post_title,post_status,words,noindex,source
3,privacy-policy,"Privacy Policy",publish,1317,0,elementor
109,tech,"Tech Industry Blog",publish,3,0,post_content
111,contact-us,"Contact AZWebCorp",publish,454,0,elementor
117,online-presence-solutions,"Arizona web developer Azwebcorp",publish,6006,0,elementor
514,about-azwebcorp,"About AZWebCorp",publish,1742,0,elementor
553,arizona-web-development,"Web Development",publish,2440,0,elementor
663,arizona-seo-services,"Arizona SEO Services",publish,2927,0,elementor
673,arizona-digital-marketing,"Arizona Digital Marketing",publish,2653,0,elementor
704,our-featured-projects,"Featured Projects",publish,1536,0,elementor
895,gratitude-page,Thankyou,publish,268,1,elementor
1020,hire-our-services,"Hire Our Services",publish,909,0,elementor
2082,,Contact,draft,454,0,elementor
2094,web-design-gilbert-az,"Web Design in Gilbert, AZ",publish,956,0,post_content
2095,web-design-phoenix-az,"Web Design Phoenix, AZ",publish,45,0,post_content
2096,phoenix-seo-services,"Phoenix SEO Services",draft,42,0,post_content
2097,seo-services-gilbert-az,"SEO Services in Gilbert, AZ",publish,1032,0,post_content
2098,local-seo-phoenix,"Local SEO Phoenix",draft,42,0,post_content
2099,web-design-mesa-az,"Web Design Mesa, AZ",publish,45,0,post_content
2100,web-design-chandler-az,"Web Design Chandler, AZ",publish,45,1,post_content
2101,web-design-scottsdale-az,"Web Design Scottsdale, AZ",publish,45,1,post_content
2102,web-design-tempe-az,"Web Design Tempe, AZ",publish,45,0,post_content
2103,web-design-queen-creek-az,"Web Design Queen Creek, AZ",publish,48,1,post_content
2104,case-studies,"Case Studies",publish,39,1,post_content
2257,phoenix-web-development,"Phoenix Web Development Company",publish,45,0,post_content
2286,hosting-domains,"Web Hosting Plans &amp; Pricing",publish,1823,0,post_content
2287,web-hosting,"cPanel Hosting Plans &amp; Pricing",publish,2083,0,post_content
2288,wordpress-hosting,"Managed WordPress Hosting Plans",publish,2011,0,post_content
2289,domain-registration,"Domain Registration for Arizona Businesses",publish,170,0,post_content
2290,domain-transfer,"Domain Transfer to AZWebCorp (Gilbert, AZ)",publish,172,0,post_content
2291,website-builder,"Website Builder for Arizona Small Businesses",publish,165,0,post_content
2292,business-email-hosting,"Business Email Hosting for Arizona Businesses",publish,129,0,elementor
2309,vps-hosting,"SSD VPS Hosting Plans &amp; Pricing",publish,2539,0,post_content
2310,ssl-certificates,"SSL Certificates for Arizona Websites",publish,249,0,post_content
2404,web-hosting-plus,"Web Hosting Plus Plans &amp; Pricing",publish,2138,0,post_content
2408,website-security-firewall,"Website Security & Firewall for Arizona Businesses",publish,251,0,post_content
2416,website-backup,"Website Backup Services for Arizona Businesses",publish,270,0,post_content
2419,seo-company-phoenix-az,"SEO Company Serving Phoenix, AZ",publish,1093,0,post_content
2435,website-security,"Website Security",publish,5,0,post_content
2436,ssl,"SSL Certificates",publish,5,0,post_content
2437,arizona-web-design,"Arizona Web Design",publish,1185,0,post_content
2440,free-seo-audit,"Free SEO Audit",publish,742,0,post_content
