country,clicks,impressions,ctr,position
usa,219,123058,0.001779648620975475,50.19906060556811
ind,43,4689,0.009170398805715504,70.84197056941778
pak,39,339,0.11504424778761062,40.852507374631266
deu,18,525,0.03428571428571429,62.180952380952384
nld,9,204,0.04411764705882353,58.794117647058826
can,7,574,0.012195121951219513,56.444250871080136
irn,6,65,0.09230769230769231,52.89230769230769
gbr,4,4095,0.0009768009768009768,69.10305250305251
zaf,4,220,0.01818181818181818,69.75
phl,3,391,0.0076726342710997444,53.076726342711
rus,3,1365,0.002197802197802198,65.77948717948718
alb,2,25,0.08,71.6
aut,2,31,0.06451612903225806,52.12903225806452
esp,2,303,0.006600660066006601,61.92739273927393
fra,2,357,0.0056022408963585435,59.21008403361345
idn,2,339,0.0058997050147492625,54.982300884955755
ita,2,698,0.0028653295128939827,68.19484240687679
jpn,2,139,0.014388489208633094,67.3021582733813
are,1,223,0.004484304932735426,71.54260089686099
arg,1,400,0.0025,62.025
bel,1,33,0.030303030303030304,69.54545454545455
ben,1,7,0.14285714285714285,88.14285714285714
egy,1,194,0.005154639175257732,63.45876288659794
eth,1,26,0.038461538461538464,53.5
irl,1,107,0.009345794392523364,58.97196261682243
lka,1,15,0.06666666666666667,75.13333333333334
lux,1,5,0.2,16.8
mar,1,126,0.007936507936507936,62.43650793650794
mex,1,434,0.002304147465437788,60.09447004608295
nga,1,42,0.023809523809523808,51.07142857142857
abw,0,2,0.0,37.5
afg,0,2,0.0,48.0
ago,0,11,0.0,63.90909090909091
and,0,3,0.0,35.333333333333336
arm,0,14,0.0,54.92857142857143
atg,0,2,0.0,79.5
aus,0,190,0.0,65.03157894736842
aze,0,18,0.0,64.83333333333334
bfa,0,6,0.0,64.83333333333334
bgd,0,215,0.0,57.372093023255815
bgr,0,63,0.0,60.698412698412696
bhr,0,19,0.0,58.63157894736842
bhs,0,23,0.0,71.6086956521739
bih,0,35,0.0,70.22857142857143
blr,0,84,0.0,60.20238095238095
blz,0,6,0.0,76.5
bmu,0,4,0.0,77.0
bol,0,25,0.0,59.48
bra,0,4363,0.0,67.34173733669493
brb,0,38,0.0,69.76315789473684
brn,0,4,0.0,68.25
btn,0,1,0.0,72.0
bwa,0,5,0.0,84.2
che,0,265,0.0,65.82641509433962
chl,0,74,0.0,59.986486486486484
chn,0,13,0.0,20.307692307692307
civ,0,12,0.0,68.33333333333333
cmr,0,3,0.0,69.33333333333333
cod,0,4,0.0,73.25
cog,0,2,0.0,110.0
col,0,204,0.0,59.122549019607845
cpv,0,3,0.0,77.33333333333333
cri,0,28,0.0,65.96428571428571
cuw,0,1,0.0,1.0
cym,0,3,0.0,59.333333333333336
cyp,0,20,0.0,54.45
cze,0,36,0.0,61.47222222222222
dma,0,2,0.0,87.0
dnk,0,93,0.0,36.913978494623656
dom,0,66,0.0,58.74242424242424
dza,0,97,0.0,64.84536082474227
ecu,0,216,0.0,68.32407407407408
esh,0,1,0.0,76.0
est,0,7,0.0,70.57142857142857
fin,0,16,0.0,60.125
fji,0,3,0.0,19.333333333333332
gab,0,10,0.0,52.2
geo,0,29,0.0,61.55172413793103
gha,0,8,0.0,63.125
gib,0,2,0.0,52.5
gin,0,2,0.0,90.5
glp,0,1,0.0,79.0
gmb,0,1,0.0,69.0
grc,0,58,0.0,64.94827586206897
gtm,0,39,0.0,63.205128205128204
gum,0,1,0.0,86.0
guy,0,12,0.0,62.0
hkg,0,19,0.0,68.21052631578948
hnd,0,35,0.0,63.91428571428571
hrv,0,16,0.0,56.5625
hti,0,1,0.0,100.0
hun,0,41,0.0,61.8780487804878
imn,0,1,0.0,94.0
irq,0,121,0.0,61.33057851239669
isl,0,2,0.0,81.5
isr,0,63,0.0,62.23809523809524
jam,0,49,0.0,66.06122448979592
jey,0,2,0.0,67.0
jor,0,55,0.0,66.05454545454545
kaz,0,70,0.0,68.34285714285714
ken,0,58,0.0,65.8103448275862
kgz,0,17,0.0,64.11764705882354
khm,0,13,0.0,55.92307692307692
kna,0,3,0.0,53.333333333333336
kor,0,1071,0.0,65.40522875816994
kwt,0,20,0.0,68.5
lao,0,4,0.0,36.5
lbn,0,13,0.0,63.84615384615385
lby,0,8,0.0,67.875
lca,0,3,0.0,95.0
ltu,0,127,0.0,69.86614173228347
lva,0,21,0.0,58.95238095238095
mac,0,2,0.0,62.0
mda,0,36,0.0,64.0
mdg,0,10,0.0,69.0
mdv,0,3,0.0,80.66666666666667
mkd,0,9,0.0,66.66666666666667
mli,0,2,0.0,35.0
mmr,0,17,0.0,48.470588235294116
mne,0,3,0.0,65.0
mng,0,10,0.0,60.4
moz,0,2,0.0,32.0
mrt,0,1,0.0,79.0
mus,0,5,0.0,66.6
mwi,0,3,0.0,83.0
mys,0,227,0.0,62.74008810572687
nam,0,1,0.0,46.0
nic,0,14,0.0,61.714285714285715
nor,0,28,0.0,44.82142857142857
npl,0,48,0.0,65.22916666666667
nzl,0,35,0.0,62.0
omn,0,25,0.0,78.16
pan,0,27,0.0,72.33333333333333
per,0,129,0.0,54.58914728682171
png,0,1,0.0,80.0
pol,0,152,0.0,67.9342105263158
pri,0,15,0.0,49.4
prt,0,47,0.0,57.4468085106383
pry,0,77,0.0,64.94805194805195
pse,0,14,0.0,70.92857142857143
qat,0,21,0.0,57.42857142857143
rou,0,67,0.0,66.28358208955224
rwa,0,7,0.0,79.0
sau,0,169,0.0,70.27218934911242
sen,0,22,0.0,72.27272727272727
sgp,0,57,0.0,58.280701754385966
sle,0,2,0.0,69.0
slv,0,15,0.0,56.4
som,0,2,0.0,84.5
srb,0,36,0.0,59.833333333333336
ssd,0,2,0.0,23.0
sur,0,5,0.0,74.8
svk,0,15,0.0,58.46666666666667
svn,0,11,0.0,64.0909090909091
swe,0,60,0.0,52.95
swz,0,1,0.0,79.0
sxm,0,1,0.0,98.0
syc,0,6,0.0,84.5
syr,0,7,0.0,70.57142857142857
tca,0,2,0.0,92.0
tgo,0,5,0.0,72.8
tha,0,101,0.0,63.801980198019805
tjk,0,2,0.0,20.0
tto,0,52,0.0,73.5
tun,0,58,0.0,72.48275862068965
tur,0,248,0.0,63.04032258064516
twn,0,194,0.0,67.00515463917526
tza,0,10,0.0,57.9
uga,0,6,0.0,40.833333333333336
ukr,0,228,0.0,67.57894736842105
ury,0,51,0.0,65.74509803921569
uzb,0,73,0.0,75.47945205479452
vct,0,4,0.0,44.5
ven,0,124,0.0,67.58870967741936
vgb,0,2,0.0,41.0
vnm,0,959,0.0,62.59541188738269
vut,0,1,0.0,100.0
xkk,0,2,0.0,69.5
yem,0,2,0.0,79.0
zmb,0,7,0.0,38.714285714285715
zwe,0,2,0.0,46.5
zzz,0,95,0.0,68.30526315789474
