date,device,clicks,impressions,ctr,position
2025-05-01,MOBILE,11,54,0.2037037037037037,51.148148148148145
2025-06-05,MOBILE,10,98,0.10204081632653061,68.28571428571429
2025-06-10,MOBILE,9,62,0.14516129032258066,39.145161290322584
2025-05-07,MOBILE,7,69,0.10144927536231885,51.89855072463768
2025-06-07,MOBILE,6,83,0.07228915662650602,65.73493975903614
2025-06-11,MOBILE,6,52,0.11538461538461539,47.17307692307692
2025-07-29,MOBILE,6,76,0.07894736842105263,58.76315789473684
2025-06-02,MOBILE,5,123,0.04065040650406504,71.83739837398375
2025-05-06,MOBILE,4,42,0.09523809523809523,50.95238095238095
2025-05-09,MOBILE,4,42,0.09523809523809523,59.07142857142857
2025-05-15,MOBILE,4,87,0.04597701149425287,62.50574712643678
2025-05-19,MOBILE,4,79,0.05063291139240506,61.75949367088607
2025-06-01,MOBILE,4,51,0.0784313725490196,61.35294117647059
2025-06-08,MOBILE,4,65,0.06153846153846154,59.276923076923076
2025-06-12,MOBILE,4,52,0.07692307692307693,39.40384615384615
2025-06-15,MOBILE,4,34,0.11764705882352941,46.8235294117647
2025-06-18,MOBILE,4,33,0.12121212121212122,45.303030303030305
2025-12-17,MOBILE,4,38,0.10526315789473684,29.86842105263158
2026-01-02,DESKTOP,4,332,0.012048192771084338,50.894578313253014
2025-04-29,DESKTOP,3,201,0.014925373134328358,63.0547263681592
2025-04-30,MOBILE,3,36,0.08333333333333333,47.611111111111114
2025-05-01,DESKTOP,3,311,0.00964630225080386,71.18006430868168
2025-05-02,DESKTOP,3,310,0.00967741935483871,71.35806451612903
2025-05-02,MOBILE,3,34,0.08823529411764706,55.0
2025-05-16,MOBILE,3,77,0.03896103896103896,54.72727272727273
2025-05-17,MOBILE,3,79,0.0379746835443038,65.29113924050633
2025-05-26,MOBILE,3,88,0.03409090909090909,69.07954545454545
2025-06-03,MOBILE,3,83,0.03614457831325301,69.3132530120482
2025-06-20,MOBILE,3,43,0.06976744186046512,45.97674418604651
2025-07-23,MOBILE,3,90,0.03333333333333333,58.75555555555555
2025-12-07,MOBILE,3,30,0.1,48.666666666666664
2026-02-18,DESKTOP,3,266,0.011278195488721804,51.454887218045116
2026-08-24,MOBILE,3,17,0.17647058823529413,41.23529411764706
2025-04-29,MOBILE,2,28,0.07142857142857142,41.5
2025-05-03,DESKTOP,2,317,0.006309148264984227,72.97160883280758
2025-05-08,MOBILE,2,49,0.04081632653061224,60.755102040816325
2025-05-10,DESKTOP,2,294,0.006802721088435374,74.20748299319727
2025-05-15,DESKTOP,2,391,0.005115089514066497,72.22250639386189
2025-05-20,MOBILE,2,68,0.029411764705882353,65.41176470588235
2025-05-23,DESKTOP,2,331,0.006042296072507553,72.79154078549848
2025-05-29,DESKTOP,2,362,0.0055248618784530384,71.74585635359117
2025-06-09,MOBILE,2,86,0.023255813953488372,70.23255813953489
2025-06-10,DESKTOP,2,400,0.005,72.1825
2025-07-11,MOBILE,2,71,0.028169014084507043,45.15492957746479
2025-07-15,MOBILE,2,108,0.018518518518518517,56.00925925925926
2025-07-16,DESKTOP,2,338,0.005917159763313609,59.26627218934911
2025-07-27,MOBILE,2,74,0.02702702702702703,56.9054054054054
2025-07-28,DESKTOP,2,309,0.006472491909385114,65.71844660194175
2025-08-10,MOBILE,2,58,0.034482758620689655,54.94827586206897
2025-09-08,DESKTOP,2,479,0.0041753653444676405,63.17954070981211
2025-10-12,MOBILE,2,24,0.08333333333333333,18.875
2025-11-23,MOBILE,2,22,0.09090909090909091,20.681818181818183
2025-12-06,MOBILE,2,20,0.1,58.3
2025-12-19,MOBILE,2,48,0.041666666666666664,56.125
2025-12-24,DESKTOP,2,298,0.006711409395973154,48.65771812080537
2026-01-30,MOBILE,2,66,0.030303030303030304,60.09090909090909
2026-02-03,DESKTOP,2,370,0.005405405405405406,40.87567567567567
2026-04-16,DESKTOP,2,296,0.006756756756756757,46.54391891891892
2026-05-03,MOBILE,2,13,0.15384615384615385,28.384615384615383
2026-07-12,DESKTOP,2,326,0.006134969325153374,49.67484662576687
2026-07-25,MOBILE,2,3,0.6666666666666666,33.0
2026-08-19,MOBILE,2,12,0.16666666666666666,40.083333333333336
2025-04-30,DESKTOP,1,287,0.003484320557491289,69.38675958188153
2025-05-03,MOBILE,1,41,0.024390243902439025,62.853658536585364
2025-05-04,MOBILE,1,31,0.03225806451612903,61.58064516129032
2025-05-05,MOBILE,1,76,0.013157894736842105,63.4078947368421
2025-05-06,DESKTOP,1,322,0.003105590062111801,70.04037267080746
2025-05-07,DESKTOP,1,320,0.003125,74.903125
2025-05-08,DESKTOP,1,318,0.0031446540880503146,70.45597484276729
2025-05-09,DESKTOP,1,344,0.0029069767441860465,72.74709302325581
2025-05-10,MOBILE,1,48,0.020833333333333332,66.5625
2025-05-11,MOBILE,1,42,0.023809523809523808,61.785714285714285
2025-05-12,DESKTOP,1,356,0.0028089887640449437,70.68820224719101
2025-05-12,MOBILE,1,57,0.017543859649122806,58.59649122807018
2025-05-18,MOBILE,1,62,0.016129032258064516,63.854838709677416
2025-05-21,MOBILE,1,73,0.0136986301369863,66.67123287671232
2025-05-26,DESKTOP,1,462,0.0021645021645021645,71.491341991342
2025-05-29,MOBILE,1,70,0.014285714285714285,70.47142857142858
2025-06-01,DESKTOP,1,471,0.0021231422505307855,71.03184713375796
2025-06-04,MOBILE,1,81,0.012345679012345678,70.87654320987654
2025-06-06,MOBILE,1,66,0.015151515151515152,73.12121212121212
2025-06-09,DESKTOP,1,560,0.0017857142857142857,72.77142857142857
2025-06-13,DESKTOP,1,243,0.00411522633744856,65.04938271604938
2025-06-18,DESKTOP,1,213,0.004694835680751174,66.96244131455398
2025-06-21,MOBILE,1,41,0.024390243902439025,60.292682926829265
2025-06-22,DESKTOP,1,356,0.0028089887640449437,60.23314606741573
2025-06-22,MOBILE,1,27,0.037037037037037035,45.074074074074076
2025-06-23,DESKTOP,1,318,0.0031446540880503146,58.113207547169814
2025-06-25,MOBILE,1,32,0.03125,61.625
2025-06-28,MOBILE,1,35,0.02857142857142857,59.371428571428574
2025-06-29,DESKTOP,1,315,0.0031746031746031746,65.57777777777778
2025-07-08,DESKTOP,1,283,0.0035335689045936395,66.7173144876325
2025-07-10,DESKTOP,1,400,0.0025,68.305
2025-07-17,MOBILE,1,52,0.019230769230769232,43.55769230769231
2025-07-20,DESKTOP,1,352,0.002840909090909091,61.14772727272727
2025-07-20,MOBILE,1,48,0.020833333333333332,46.375
2025-07-22,DESKTOP,1,436,0.0022935779816513763,64.45183486238531
2025-07-22,MOBILE,1,125,0.008,60.136
2025-07-26,MOBILE,1,52,0.019230769230769232,62.19230769230769
2025-07-27,DESKTOP,1,298,0.003355704697986577,66.81208053691275
2025-07-31,DESKTOP,1,264,0.003787878787878788,61.20454545454545
2025-08-02,MOBILE,1,58,0.017241379310344827,66.65517241379311
2025-08-11,DESKTOP,1,317,0.0031545741324921135,60.35015772870663
2025-08-13,DESKTOP,1,264,0.003787878787878788,62.91287878787879
2025-08-26,DESKTOP,1,375,0.0026666666666666666,62.48266666666667
2025-08-27,DESKTOP,1,386,0.0025906735751295338,61.2279792746114
2025-09-02,DESKTOP,1,369,0.0027100271002710027,63.016260162601625
2025-09-04,DESKTOP,1,430,0.002325581395348837,53.94186046511628
2025-09-09,DESKTOP,1,322,0.003105590062111801,60.891304347826086
2025-09-13,DESKTOP,1,63,0.015873015873015872,36.111111111111114
2025-09-15,MOBILE,1,33,0.030303030303030304,26.666666666666668
2025-09-16,MOBILE,1,23,0.043478260869565216,16.434782608695652
2025-09-20,MOBILE,1,14,0.07142857142857142,24.928571428571427
2025-09-23,DESKTOP,1,118,0.00847457627118644,37.78813559322034
2025-09-24,DESKTOP,1,156,0.00641025641025641,43.36538461538461
2025-09-26,MOBILE,1,16,0.0625,20.1875
2025-10-02,MOBILE,1,21,0.047619047619047616,29.571428571428573
2025-10-05,DESKTOP,1,167,0.005988023952095809,32.08982035928143
2025-10-06,MOBILE,1,21,0.047619047619047616,18.38095238095238
2025-10-11,DESKTOP,1,189,0.005291005291005291,33.29100529100529
2025-10-14,DESKTOP,1,295,0.003389830508474576,37.40338983050847
2025-10-16,DESKTOP,1,237,0.004219409282700422,34.38396624472574
2025-10-19,DESKTOP,1,189,0.005291005291005291,34.95238095238095
2025-10-21,MOBILE,1,30,0.03333333333333333,21.433333333333334
2025-10-22,DESKTOP,1,269,0.0037174721189591076,35.56505576208178
2025-10-24,DESKTOP,1,220,0.004545454545454545,34.018181818181816
2025-10-28,DESKTOP,1,248,0.004032258064516129,32.86693548387097
2025-10-30,DESKTOP,1,289,0.0034602076124567475,38.9204152249135
2025-11-01,MOBILE,1,18,0.05555555555555555,39.666666666666664
2025-11-03,DESKTOP,1,153,0.006535947712418301,33.51633986928105
2025-11-06,DESKTOP,1,208,0.004807692307692308,34.21153846153846
2025-11-11,DESKTOP,1,167,0.005988023952095809,44.33532934131737
2025-11-20,DESKTOP,1,237,0.004219409282700422,45.540084388185655
2025-11-22,MOBILE,1,7,0.14285714285714285,10.571428571428571
2025-11-26,MOBILE,1,8,0.125,58.0
2025-11-28,MOBILE,1,13,0.07692307692307693,28.615384615384617
2025-12-02,MOBILE,1,4,0.25,29.25
2025-12-12,DESKTOP,1,218,0.0045871559633027525,43.38990825688074
2025-12-16,DESKTOP,1,359,0.002785515320334262,44.799442896935936
2025-12-16,MOBILE,1,15,0.06666666666666667,59.53333333333333
2025-12-18,DESKTOP,1,390,0.002564102564102564,46.63333333333333
2025-12-18,MOBILE,1,32,0.03125,48.6875
2025-12-20,MOBILE,1,31,0.03225806451612903,65.80645161290323
2025-12-23,MOBILE,1,17,0.058823529411764705,59.88235294117647
2025-12-26,DESKTOP,1,290,0.0034482758620689655,46.57931034482758
2025-12-26,MOBILE,1,46,0.021739130434782608,45.26086956521739
2025-12-27,DESKTOP,1,253,0.003952569169960474,46.88142292490119
2025-12-30,DESKTOP,1,368,0.002717391304347826,47.20652173913044
2025-12-30,MOBILE,1,48,0.020833333333333332,45.270833333333336
2026-01-01,MOBILE,1,33,0.030303030303030304,82.06060606060606
2026-01-03,MOBILE,1,37,0.02702702702702703,53.189189189189186
2026-01-04,DESKTOP,1,264,0.003787878787878788,55.71212121212121
2026-01-06,DESKTOP,1,321,0.003115264797507788,46.25545171339564
2026-01-07,DESKTOP,1,368,0.002717391304347826,52.48641304347826
2026-01-10,DESKTOP,1,434,0.002304147465437788,51.61290322580645
2026-01-11,DESKTOP,1,363,0.0027548209366391185,53.247933884297524
2026-01-12,DESKTOP,1,362,0.0027624309392265192,45.11878453038674
2026-01-14,MOBILE,1,58,0.017241379310344827,60.39655172413793
2026-01-15,DESKTOP,1,312,0.003205128205128205,49.44871794871795
2026-01-20,DESKTOP,1,478,0.0020920502092050207,50.66945606694561
2026-01-23,DESKTOP,1,326,0.003067484662576687,47.93251533742331
2026-01-24,DESKTOP,1,415,0.0024096385542168677,53.36385542168675
2026-01-26,DESKTOP,1,336,0.002976190476190476,44.32142857142857
2026-01-27,DESKTOP,1,346,0.002890173410404624,52.61849710982659
2026-01-28,DESKTOP,1,293,0.0034129692832764505,54.30716723549488
2026-02-07,DESKTOP,1,322,0.003105590062111801,43.17391304347826
2026-02-07,MOBILE,1,20,0.05,46.55
2026-02-09,MOBILE,1,34,0.029411764705882353,49.61764705882353
2026-02-11,DESKTOP,1,357,0.0028011204481792717,42.88515406162465
2026-02-16,MOBILE,1,44,0.022727272727272728,64.38636363636363
2026-02-17,DESKTOP,1,264,0.003787878787878788,49.46969696969697
2026-02-23,DESKTOP,1,210,0.004761904761904762,48.404761904761905
2026-02-24,DESKTOP,1,370,0.002702702702702703,37.33513513513513
2026-02-26,DESKTOP,1,297,0.003367003367003367,52.582491582491585
2026-02-27,DESKTOP,1,246,0.0040650406504065045,51.3780487804878
2026-03-01,DESKTOP,1,217,0.004608294930875576,51.67741935483871
2026-03-01,MOBILE,1,28,0.03571428571428571,40.32142857142857
2026-03-02,MOBILE,1,28,0.03571428571428571,35.107142857142854
2026-03-03,DESKTOP,1,371,0.0026954177897574125,42.35579514824798
2026-03-03,MOBILE,1,32,0.03125,29.125
2026-03-04,MOBILE,1,34,0.029411764705882353,46.85294117647059
2026-03-05,DESKTOP,1,418,0.0023923444976076554,42.54545454545455
2026-03-06,DESKTOP,1,449,0.0022271714922048997,40.645879732739424
2026-03-11,DESKTOP,1,322,0.003105590062111801,44.661490683229815
2026-03-15,DESKTOP,1,280,0.0035714285714285713,34.18571428571428
2026-03-21,DESKTOP,1,250,0.004,31.36
2026-03-23,DESKTOP,1,228,0.0043859649122807015,36.23245614035088
2026-03-24,DESKTOP,1,239,0.0041841004184100415,37.31799163179916
2026-03-24,MOBILE,1,16,0.0625,38.0625
2026-03-25,MOBILE,1,9,0.1111111111111111,57.666666666666664
2026-03-27,MOBILE,1,38,0.02631578947368421,44.526315789473685
2026-04-04,DESKTOP,1,218,0.0045871559633027525,39.71559633027523
2026-04-12,DESKTOP,1,250,0.004,43.204
2026-04-13,MOBILE,1,19,0.05263157894736842,40.10526315789474
2026-04-18,DESKTOP,1,226,0.004424778761061947,45.21238938053097
2026-04-21,DESKTOP,1,256,0.00390625,41.50390625
2026-04-22,DESKTOP,1,201,0.004975124378109453,41.08955223880597
2026-04-23,DESKTOP,1,278,0.0035971223021582736,42.65467625899281
2026-04-28,DESKTOP,1,200,0.005,45.025
2026-05-01,MOBILE,1,9,0.1111111111111111,22.444444444444443
2026-05-03,DESKTOP,1,176,0.005681818181818182,51.13636363636363
2026-05-05,DESKTOP,1,165,0.006060606060606061,49.99393939393939
2026-05-05,MOBILE,1,6,0.16666666666666666,14.166666666666666
2026-05-09,DESKTOP,1,184,0.005434782608695652,47.14673913043478
2026-05-14,DESKTOP,1,263,0.0038022813688212928,45.64638783269962
2026-05-15,DESKTOP,1,355,0.0028169014084507044,36.16056338028169
2026-05-21,MOBILE,1,5,0.2,37.8
2026-05-26,DESKTOP,1,332,0.0030120481927710845,42.61746987951807
2026-05-27,MOBILE,1,8,0.125,27.875
2026-05-29,DESKTOP,1,304,0.003289473684210526,46.661184210526315
2026-06-03,DESKTOP,1,239,0.0041841004184100415,45.06276150627615
2026-06-06,MOBILE,1,6,0.16666666666666666,25.0
2026-06-12,MOBILE,1,26,0.038461538461538464,33.38461538461539
2026-06-19,MOBILE,1,29,0.034482758620689655,37.206896551724135
2026-06-20,MOBILE,1,10,0.1,44.5
2026-06-21,MOBILE,1,27,0.037037037037037035,65.37037037037037
2026-06-23,DESKTOP,1,290,0.0034482758620689655,46.58275862068965
2026-06-24,DESKTOP,1,250,0.004,47.392
2026-06-27,MOBILE,1,11,0.09090909090909091,50.27272727272727
2026-06-29,MOBILE,1,27,0.037037037037037035,40.44444444444444
2026-06-30,MOBILE,1,36,0.027777777777777776,50.69444444444444
2026-07-05,DESKTOP,1,337,0.002967359050445104,52.37685459940653
2026-07-06,MOBILE,1,15,0.06666666666666667,47.46666666666667
2026-07-10,MOBILE,1,11,0.09090909090909091,20.363636363636363
2026-07-12,MOBILE,1,21,0.047619047619047616,44.904761904761905
2026-07-14,DESKTOP,1,311,0.003215434083601286,47.668810289389064
2026-07-15,DESKTOP,1,262,0.003816793893129771,48.24045801526717
2026-07-17,DESKTOP,1,189,0.005291005291005291,39.51322751322751
2026-07-20,MOBILE,1,31,0.03225806451612903,26.516129032258064
2026-07-21,MOBILE,1,26,0.038461538461538464,46.84615384615385
2026-08-06,MOBILE,1,1,1.0,2.0
2026-08-09,MOBILE,1,6,0.16666666666666666,64.5
2026-08-15,MOBILE,1,2,0.5,1.0
2026-08-20,MOBILE,1,12,0.08333333333333333,47.916666666666664
2026-08-21,MOBILE,1,15,0.06666666666666667,40.6
2026-08-23,MOBILE,1,20,0.05,51.55
2026-08-24,DESKTOP,1,290,0.0034482758620689655,48.02413793103448
2026-08-25,DESKTOP,1,320,0.003125,51.775
2026-08-26,MOBILE,1,9,0.1111111111111111,61.888888888888886
2025-05-04,DESKTOP,0,450,0.0,74.08666666666667
2025-05-05,DESKTOP,0,381,0.0,72.30708661417323
2025-05-11,DESKTOP,0,443,0.0,69.43115124153499
2025-05-13,DESKTOP,0,287,0.0,67.01742160278745
2025-05-13,MOBILE,0,52,0.0,57.69230769230769
2025-05-14,DESKTOP,0,287,0.0,66.20557491289199
2025-05-14,MOBILE,0,54,0.0,64.35185185185185
2025-05-16,DESKTOP,0,442,0.0,72.25565610859728
2025-05-17,DESKTOP,0,376,0.0,76.36968085106383
2025-05-18,DESKTOP,0,477,0.0,72.94758909853249
2025-05-18,TABLET,0,1,0.0,9.0
2025-05-19,DESKTOP,0,543,0.0,72.23388581952118
2025-05-20,DESKTOP,0,451,0.0,72.26385809312639
2025-05-21,DESKTOP,0,372,0.0,73.4247311827957
2025-05-22,DESKTOP,0,372,0.0,76.54569892473118
2025-05-22,MOBILE,0,71,0.0,72.69014084507042
2025-05-23,MOBILE,0,55,0.0,65.43636363636364
2025-05-24,DESKTOP,0,310,0.0,75.47741935483872
2025-05-24,MOBILE,0,61,0.0,75.45901639344262
2025-05-25,DESKTOP,0,374,0.0,74.1096256684492
2025-05-25,MOBILE,0,39,0.0,62.15384615384615
2025-05-27,DESKTOP,0,308,0.0,71.83766233766234
2025-05-27,MOBILE,0,60,0.0,73.91666666666667
2025-05-28,DESKTOP,0,333,0.0,69.94294294294295
2025-05-28,MOBILE,0,58,0.0,74.60344827586206
2025-05-30,DESKTOP,0,431,0.0,67.51276102088167
2025-05-30,MOBILE,0,64,0.0,62.25
2025-05-31,DESKTOP,0,454,0.0,74.27092511013215
2025-05-31,MOBILE,0,89,0.0,76.75280898876404
2025-06-02,DESKTOP,0,663,0.0,69.68476621417798
2025-06-03,DESKTOP,0,563,0.0,66.46891651865009
2025-06-04,DESKTOP,0,462,0.0,72.71645021645021
2025-06-05,DESKTOP,0,490,0.0,71.42244897959183
2025-06-06,DESKTOP,0,449,0.0,72.5456570155902
2025-06-06,TABLET,0,1,0.0,87.0
2025-06-07,DESKTOP,0,402,0.0,74.8407960199005
2025-06-08,DESKTOP,0,447,0.0,70.0738255033557
2025-06-11,DESKTOP,0,327,0.0,65.21406727828746
2025-06-11,TABLET,0,1,0.0,88.0
2025-06-12,DESKTOP,0,218,0.0,67.05045871559633
2025-06-13,MOBILE,0,42,0.0,51.666666666666664
2025-06-14,DESKTOP,0,190,0.0,65.72105263157894
2025-06-14,MOBILE,0,21,0.0,59.285714285714285
2025-06-15,DESKTOP,0,283,0.0,67.59363957597174
2025-06-16,DESKTOP,0,285,0.0,66.32280701754387
2025-06-16,MOBILE,0,47,0.0,64.29787234042553
2025-06-17,DESKTOP,0,228,0.0,67.09649122807018
2025-06-17,MOBILE,0,25,0.0,55.2
2025-06-19,DESKTOP,0,272,0.0,69.23529411764706
2025-06-19,MOBILE,0,35,0.0,66.25714285714285
2025-06-20,DESKTOP,0,352,0.0,62.40340909090909
2025-06-21,DESKTOP,0,304,0.0,63.901315789473685
2025-06-23,MOBILE,0,32,0.0,48.8125
2025-06-24,DESKTOP,0,270,0.0,59.37407407407407
2025-06-24,MOBILE,0,29,0.0,70.48275862068965
2025-06-25,DESKTOP,0,227,0.0,64.75770925110132
2025-06-26,DESKTOP,0,245,0.0,60.72244897959184
2025-06-26,MOBILE,0,24,0.0,49.791666666666664
2025-06-27,DESKTOP,0,253,0.0,57.28853754940712
2025-06-27,MOBILE,0,44,0.0,68.18181818181819
2025-06-28,DESKTOP,0,250,0.0,62.452
2025-06-29,MOBILE,0,33,0.0,59.42424242424242
2025-06-30,DESKTOP,0,301,0.0,59.51495016611295
2025-06-30,MOBILE,0,46,0.0,67.97826086956522
2025-07-01,DESKTOP,0,261,0.0,58.36015325670498
2025-07-01,MOBILE,0,28,0.0,46.07142857142857
2025-07-02,DESKTOP,0,342,0.0,58.78654970760234
2025-07-02,MOBILE,0,27,0.0,64.74074074074073
2025-07-03,DESKTOP,0,290,0.0,60.40689655172414
2025-07-03,MOBILE,0,39,0.0,65.15384615384616
2025-07-04,DESKTOP,0,358,0.0,60.273743016759774
2025-07-04,MOBILE,0,49,0.0,63.53061224489796
2025-07-05,DESKTOP,0,300,0.0,60.623333333333335
2025-07-05,MOBILE,0,28,0.0,65.92857142857143
2025-07-06,DESKTOP,0,349,0.0,56.74498567335244
2025-07-06,MOBILE,0,25,0.0,59.76
2025-07-07,DESKTOP,0,381,0.0,69.59055118110236
2025-07-07,MOBILE,0,101,0.0,66.76237623762377
2025-07-08,MOBILE,0,56,0.0,59.17857142857143
2025-07-09,DESKTOP,0,357,0.0,63.938375350140056
2025-07-09,MOBILE,0,42,0.0,57.69047619047619
2025-07-10,MOBILE,0,110,0.0,75.01818181818182
2025-07-11,DESKTOP,0,409,0.0,63.49144254278728
2025-07-12,DESKTOP,0,456,0.0,61.94517543859649
2025-07-12,MOBILE,0,60,0.0,57.016666666666666
2025-07-13,DESKTOP,0,416,0.0,68.88701923076923
2025-07-13,MOBILE,0,50,0.0,62.28
2025-07-14,DESKTOP,0,336,0.0,64.81547619047619
2025-07-14,MOBILE,0,62,0.0,58.983870967741936
2025-07-15,DESKTOP,0,393,0.0,62.48091603053435
2025-07-16,MOBILE,0,41,0.0,54.170731707317074
2025-07-17,DESKTOP,0,298,0.0,59.99664429530201
2025-07-18,DESKTOP,0,332,0.0,63.66265060240964
2025-07-18,MOBILE,0,57,0.0,53.280701754385966
2025-07-19,DESKTOP,0,354,0.0,60.29661016949152
2025-07-19,MOBILE,0,57,0.0,49.29824561403509
2025-07-21,DESKTOP,0,357,0.0,61.97478991596638
2025-07-21,MOBILE,0,69,0.0,57.68115942028985
2025-07-23,DESKTOP,0,421,0.0,67.49406175771972
2025-07-24,DESKTOP,0,339,0.0,65.00589970501476
2025-07-24,MOBILE,0,85,0.0,64.41176470588235
2025-07-25,DESKTOP,0,298,0.0,60.95302013422819
2025-07-25,MOBILE,0,74,0.0,55.391891891891895
2025-07-26,DESKTOP,0,324,0.0,61.30246913580247
2025-07-28,MOBILE,0,93,0.0,71.46236559139786
2025-07-29,DESKTOP,0,284,0.0,60.65492957746479
2025-07-30,DESKTOP,0,254,0.0,63.06299212598425
2025-07-30,MOBILE,0,101,0.0,72.23762376237623
2025-07-31,MOBILE,0,109,0.0,64.75229357798165
2025-08-01,DESKTOP,0,313,0.0,64.16613418530352
2025-08-01,MOBILE,0,52,0.0,57.46153846153846
2025-08-02,DESKTOP,0,319,0.0,66.86833855799372
2025-08-03,DESKTOP,0,324,0.0,66.22839506172839
2025-08-03,MOBILE,0,49,0.0,64.9591836734694
2025-08-04,DESKTOP,0,348,0.0,64.05172413793103
2025-08-04,MOBILE,0,76,0.0,74.97368421052632
2025-08-05,DESKTOP,0,308,0.0,63.92857142857143
2025-08-05,MOBILE,0,64,0.0,55.25
2025-08-06,DESKTOP,0,270,0.0,60.574074074074076
2025-08-06,MOBILE,0,45,0.0,64.02222222222223
2025-08-07,DESKTOP,0,261,0.0,65.47892720306514
2025-08-07,MOBILE,0,43,0.0,71.88372093023256
2025-08-08,DESKTOP,0,305,0.0,61.58360655737705
2025-08-08,MOBILE,0,53,0.0,55.77358490566038
2025-08-09,DESKTOP,0,288,0.0,60.5
2025-08-09,MOBILE,0,50,0.0,61.7
2025-08-10,DESKTOP,0,338,0.0,65.32840236686391
2025-08-11,MOBILE,0,78,0.0,60.14102564102564
2025-08-11,TABLET,0,1,0.0,101.0
2025-08-12,DESKTOP,0,333,0.0,64.65765765765767
2025-08-12,MOBILE,0,47,0.0,61.638297872340424
2025-08-13,MOBILE,0,39,0.0,56.717948717948715
2025-08-14,DESKTOP,0,300,0.0,62.93
2025-08-14,MOBILE,0,60,0.0,63.016666666666666
2025-08-15,DESKTOP,0,339,0.0,61.94395280235988
2025-08-15,MOBILE,0,54,0.0,50.648148148148145
2025-08-16,DESKTOP,0,363,0.0,65.87878787878788
2025-08-16,MOBILE,0,33,0.0,73.0909090909091
2025-08-17,DESKTOP,0,312,0.0,62.625
2025-08-17,MOBILE,0,51,0.0,61.01960784313726
2025-08-18,DESKTOP,0,409,0.0,65.32518337408312
2025-08-18,MOBILE,0,87,0.0,62.03448275862069
2025-08-19,DESKTOP,0,322,0.0,64.5527950310559
2025-08-19,MOBILE,0,67,0.0,60.76119402985075
2025-08-20,DESKTOP,0,354,0.0,68.37005649717514
2025-08-20,MOBILE,0,32,0.0,71.25
2025-08-21,DESKTOP,0,395,0.0,65.2506329113924
2025-08-21,MOBILE,0,44,0.0,66.11363636363636
2025-08-22,DESKTOP,0,378,0.0,62.03174603174603
2025-08-22,MOBILE,0,50,0.0,55.66
2025-08-23,DESKTOP,0,343,0.0,62.3469387755102
2025-08-23,MOBILE,0,35,0.0,63.97142857142857
2025-08-24,DESKTOP,0,352,0.0,63.00284090909091
2025-08-24,MOBILE,0,49,0.0,59.89795918367347
2025-08-25,DESKTOP,0,482,0.0,64.97302904564316
2025-08-25,MOBILE,0,86,0.0,61.7093023255814
2025-08-25,TABLET,0,1,0.0,57.0
2025-08-26,MOBILE,0,64,0.0,65.890625
2025-08-27,MOBILE,0,45,0.0,61.68888888888889
2025-08-28,DESKTOP,0,424,0.0,58.04481132075472
2025-08-28,MOBILE,0,51,0.0,54.98039215686274
2025-08-29,DESKTOP,0,384,0.0,60.7421875
2025-08-29,MOBILE,0,66,0.0,67.45454545454545
2025-08-30,DESKTOP,0,323,0.0,62.88235294117647
2025-08-30,MOBILE,0,47,0.0,64.59574468085106
2025-08-31,DESKTOP,0,425,0.0,63.57411764705882
2025-08-31,MOBILE,0,52,0.0,67.03846153846153
2025-09-01,DESKTOP,0,391,0.0,61.925831202046034
2025-09-01,MOBILE,0,87,0.0,60.93103448275862
2025-09-02,MOBILE,0,73,0.0,64.3972602739726
2025-09-02,TABLET,0,1,0.0,87.0
2025-09-03,DESKTOP,0,354,0.0,59.99152542372882
2025-09-03,MOBILE,0,54,0.0,70.5
2025-09-04,MOBILE,0,45,0.0,66.93333333333334
2025-09-05,DESKTOP,0,333,0.0,61.95795795795796
2025-09-05,MOBILE,0,44,0.0,57.0
2025-09-05,TABLET,0,1,0.0,75.0
2025-09-06,DESKTOP,0,317,0.0,62.38485804416404
2025-09-06,MOBILE,0,47,0.0,73.55319148936171
2025-09-07,DESKTOP,0,358,0.0,65.11173184357541
2025-09-07,MOBILE,0,60,0.0,68.35
2025-09-07,TABLET,0,1,0.0,101.0
2025-09-08,MOBILE,0,74,0.0,63.608108108108105
2025-09-09,MOBILE,0,73,0.0,66.57534246575342
2025-09-10,DESKTOP,0,314,0.0,59.16242038216561
2025-09-10,MOBILE,0,41,0.0,72.34146341463415
2025-09-11,DESKTOP,0,328,0.0,58.01829268292683
2025-09-11,MOBILE,0,45,0.0,65.5111111111111
2025-09-12,DESKTOP,0,210,0.0,50.285714285714285
2025-09-12,MOBILE,0,17,0.0,34.0
2025-09-13,MOBILE,0,12,0.0,50.416666666666664
2025-09-14,DESKTOP,0,83,0.0,48.18072289156626
2025-09-14,MOBILE,0,24,0.0,35.666666666666664
2025-09-15,DESKTOP,0,101,0.0,48.64356435643565
2025-09-16,DESKTOP,0,95,0.0,70.76842105263158
2025-09-17,DESKTOP,0,118,0.0,42.45762711864407
2025-09-17,MOBILE,0,6,0.0,24.5
2025-09-18,DESKTOP,0,138,0.0,65.69565217391305
2025-09-18,MOBILE,0,17,0.0,37.23529411764706
2025-09-19,DESKTOP,0,125,0.0,40.64
2025-09-19,MOBILE,0,19,0.0,12.421052631578947
2025-09-20,DESKTOP,0,149,0.0,40.46308724832215
2025-09-21,DESKTOP,0,103,0.0,48.77669902912621
2025-09-21,MOBILE,0,5,0.0,40.4
2025-09-22,DESKTOP,0,74,0.0,34.87837837837838
2025-09-22,MOBILE,0,16,0.0,26.125
2025-09-23,MOBILE,0,9,0.0,27.0
2025-09-24,MOBILE,0,2,0.0,59.0
2025-09-25,DESKTOP,0,55,0.0,38.21818181818182
2025-09-25,MOBILE,0,4,0.0,28.0
2025-09-26,DESKTOP,0,300,0.0,44.18
2025-09-27,DESKTOP,0,136,0.0,38.93382352941177
2025-09-27,MOBILE,0,14,0.0,29.0
2025-09-28,DESKTOP,0,139,0.0,35.510791366906474
2025-09-28,MOBILE,0,22,0.0,15.045454545454545
2025-09-29,DESKTOP,0,233,0.0,35.06866952789699
2025-09-29,MOBILE,0,25,0.0,22.24
2025-09-29,TABLET,0,1,0.0,8.0
2025-09-30,DESKTOP,0,233,0.0,39.64377682403433
2025-09-30,MOBILE,0,9,0.0,25.22222222222222
2025-10-01,DESKTOP,0,173,0.0,37.82658959537572
2025-10-01,MOBILE,0,9,0.0,38.22222222222222
2025-10-02,DESKTOP,0,199,0.0,38.040201005025125
2025-10-02,TABLET,0,1,0.0,53.0
2025-10-03,DESKTOP,0,132,0.0,32.878787878787875
2025-10-03,MOBILE,0,9,0.0,36.111111111111114
2025-10-04,DESKTOP,0,153,0.0,31.026143790849673
2025-10-04,MOBILE,0,7,0.0,18.0
2025-10-05,MOBILE,0,17,0.0,28.058823529411764
2025-10-05,TABLET,0,1,0.0,58.0
2025-10-06,DESKTOP,0,189,0.0,29.195767195767196
2025-10-07,DESKTOP,0,253,0.0,34.48616600790514
2025-10-07,MOBILE,0,13,0.0,7.846153846153846
2025-10-07,TABLET,0,1,0.0,7.0
2025-10-08,DESKTOP,0,220,0.0,40.13636363636363
2025-10-08,MOBILE,0,8,0.0,32.375
2025-10-09,DESKTOP,0,217,0.0,39.11059907834101
2025-10-09,MOBILE,0,10,0.0,38.4
2025-10-10,DESKTOP,0,202,0.0,34.37128712871287
2025-10-10,MOBILE,0,14,0.0,18.071428571428573
2025-10-11,MOBILE,0,25,0.0,16.560000000000002
2025-10-12,DESKTOP,0,172,0.0,34.81976744186046
2025-10-13,DESKTOP,0,224,0.0,31.892857142857142
2025-10-13,MOBILE,0,31,0.0,19.129032258064516
2025-10-14,MOBILE,0,10,0.0,36.2
2025-10-15,DESKTOP,0,345,0.0,36.643478260869564
2025-10-15,MOBILE,0,25,0.0,20.76
2025-10-16,MOBILE,0,27,0.0,26.666666666666668
2025-10-17,DESKTOP,0,180,0.0,37.96666666666667
2025-10-17,MOBILE,0,16,0.0,39.75
2025-10-18,DESKTOP,0,174,0.0,36.49425287356322
2025-10-18,MOBILE,0,8,0.0,45.125
2025-10-19,MOBILE,0,22,0.0,29.90909090909091
2025-10-20,DESKTOP,0,267,0.0,34.51685393258427
2025-10-20,MOBILE,0,34,0.0,25.41176470588235
2025-10-21,DESKTOP,0,370,0.0,34.975675675675674
2025-10-22,MOBILE,0,9,0.0,26.444444444444443
2025-10-23,DESKTOP,0,323,0.0,34.73684210526316
2025-10-23,MOBILE,0,12,0.0,44.416666666666664
2025-10-23,TABLET,0,1,0.0,37.0
2025-10-24,MOBILE,0,24,0.0,14.041666666666666
2025-10-25,DESKTOP,0,244,0.0,29.65983606557377
2025-10-25,MOBILE,0,6,0.0,35.666666666666664
2025-10-26,DESKTOP,0,191,0.0,38.96335078534032
2025-10-26,MOBILE,0,10,0.0,9.5
2025-10-27,DESKTOP,0,259,0.0,30.996138996138995
2025-10-27,MOBILE,0,60,0.0,31.05
2025-10-28,MOBILE,0,12,0.0,51.0
2025-10-29,DESKTOP,0,236,0.0,35.27542372881356
2025-10-29,MOBILE,0,8,0.0,36.375
2025-10-30,MOBILE,0,26,0.0,37.26923076923077
2025-10-31,DESKTOP,0,209,0.0,34.24401913875598
2025-10-31,MOBILE,0,15,0.0,25.8
2025-11-01,DESKTOP,0,135,0.0,39.22222222222222
2025-11-02,DESKTOP,0,127,0.0,34.55905511811024
2025-11-02,MOBILE,0,12,0.0,41.5
2025-11-02,TABLET,0,1,0.0,2.0
2025-11-03,MOBILE,0,10,0.0,22.7
2025-11-04,DESKTOP,0,157,0.0,34.62420382165605
2025-11-04,MOBILE,0,5,0.0,58.0
2025-11-05,DESKTOP,0,159,0.0,30.371069182389938
2025-11-05,MOBILE,0,8,0.0,16.75
2025-11-06,MOBILE,0,18,0.0,36.55555555555556
2025-11-07,DESKTOP,0,200,0.0,30.98
2025-11-07,MOBILE,0,14,0.0,13.785714285714286
2025-11-08,DESKTOP,0,204,0.0,27.95098039215686
2025-11-08,MOBILE,0,3,0.0,11.0
2025-11-09,DESKTOP,0,124,0.0,39.653225806451616
2025-11-09,MOBILE,0,14,0.0,25.428571428571427
2025-11-10,DESKTOP,0,157,0.0,33.86624203821656
2025-11-10,MOBILE,0,10,0.0,21.6
2025-11-11,MOBILE,0,4,0.0,5.75
2025-11-12,DESKTOP,0,157,0.0,36.19108280254777
2025-11-12,MOBILE,0,4,0.0,40.75
2025-11-13,DESKTOP,0,193,0.0,35.94818652849741
2025-11-13,MOBILE,0,9,0.0,46.888888888888886
2025-11-14,DESKTOP,0,171,0.0,35.26315789473684
2025-11-14,MOBILE,0,13,0.0,48.84615384615385
2025-11-15,DESKTOP,0,113,0.0,34.123893805309734
2025-11-15,MOBILE,0,14,0.0,6.0
2025-11-16,DESKTOP,0,114,0.0,35.76315789473684
2025-11-16,MOBILE,0,8,0.0,29.125
2025-11-17,DESKTOP,0,121,0.0,31.801652892561982
2025-11-17,MOBILE,0,19,0.0,19.789473684210527
2025-11-18,DESKTOP,0,155,0.0,38.05806451612903
2025-11-18,MOBILE,0,3,0.0,37.333333333333336
2025-11-19,DESKTOP,0,132,0.0,41.90151515151515
2025-11-19,MOBILE,0,3,0.0,19.0
2025-11-20,MOBILE,0,14,0.0,37.785714285714285
2025-11-20,TABLET,0,1,0.0,76.0
2025-11-21,DESKTOP,0,86,0.0,34.46511627906977
2025-11-21,MOBILE,0,6,0.0,31.833333333333332
2025-11-22,DESKTOP,0,134,0.0,37.350746268656714
2025-11-23,DESKTOP,0,88,0.0,34.48863636363637
2025-11-23,TABLET,0,1,0.0,82.0
2025-11-24,DESKTOP,0,134,0.0,37.62686567164179
2025-11-24,MOBILE,0,8,0.0,15.875
2025-11-25,DESKTOP,0,139,0.0,36.280575539568346
2025-11-25,MOBILE,0,4,0.0,55.75
2025-11-26,DESKTOP,0,135,0.0,39.12592592592593
2025-11-26,TABLET,0,1,0.0,100.0
2025-11-27,DESKTOP,0,305,0.0,36.321311475409836
2025-11-27,MOBILE,0,4,0.0,69.5
2025-11-28,DESKTOP,0,130,0.0,41.02307692307692
2025-11-29,DESKTOP,0,148,0.0,37.858108108108105
2025-11-29,MOBILE,0,5,0.0,10.4
2025-11-29,TABLET,0,1,0.0,127.0
2025-11-30,DESKTOP,0,124,0.0,40.88709677419355
2025-11-30,MOBILE,0,15,0.0,44.06666666666667
2025-12-01,DESKTOP,0,184,0.0,33.83695652173913
2025-12-01,MOBILE,0,11,0.0,36.27272727272727
2025-12-02,DESKTOP,0,247,0.0,56.502024291497975
2025-12-03,DESKTOP,0,237,0.0,51.37552742616034
2025-12-03,MOBILE,0,27,0.0,47.111111111111114
2025-12-04,DESKTOP,0,189,0.0,50.698412698412696
2025-12-04,MOBILE,0,20,0.0,47.3
2025-12-05,DESKTOP,0,282,0.0,44.04609929078014
2025-12-05,MOBILE,0,44,0.0,52.25
2025-12-06,DESKTOP,0,285,0.0,41.91929824561404
2025-12-07,DESKTOP,0,187,0.0,53.76470588235294
2025-12-08,DESKTOP,0,247,0.0,44.74089068825911
2025-12-08,MOBILE,0,22,0.0,56.45454545454545
2025-12-09,DESKTOP,0,338,0.0,45.33136094674556
2025-12-09,MOBILE,0,18,0.0,32.05555555555556
2025-12-10,DESKTOP,0,303,0.0,48.65016501650165
2025-12-10,MOBILE,0,41,0.0,44.0
2025-12-11,DESKTOP,0,258,0.0,43.031007751937985
2025-12-11,MOBILE,0,28,0.0,51.57142857142857
2025-12-12,MOBILE,0,49,0.0,54.44897959183673
2025-12-13,DESKTOP,0,311,0.0,41.91318327974277
2025-12-13,MOBILE,0,57,0.0,60.3859649122807
2025-12-14,DESKTOP,0,279,0.0,43.21863799283154
2025-12-14,MOBILE,0,26,0.0,52.07692307692308
2025-12-15,DESKTOP,0,490,0.0,38.56530612244898
2025-12-15,MOBILE,0,27,0.0,44.370370370370374
2025-12-17,DESKTOP,0,424,0.0,46.844339622641506
2025-12-19,DESKTOP,0,361,0.0,49.470914127423825
2025-12-20,DESKTOP,0,292,0.0,51.95205479452055
2025-12-20,TABLET,0,1,0.0,11.0
2025-12-21,DESKTOP,0,262,0.0,50.36641221374046
2025-12-21,MOBILE,0,21,0.0,62.76190476190476
2025-12-22,DESKTOP,0,302,0.0,47.056291390728475
2025-12-22,MOBILE,0,34,0.0,55.705882352941174
2025-12-23,DESKTOP,0,521,0.0,46.99232245681382
2025-12-24,MOBILE,0,40,0.0,62.85
2025-12-25,DESKTOP,0,287,0.0,52.43205574912892
2025-12-25,MOBILE,0,23,0.0,64.30434782608695
2025-12-27,MOBILE,0,31,0.0,53.096774193548384
2025-12-28,DESKTOP,0,261,0.0,50.616858237547895
2025-12-28,MOBILE,0,40,0.0,67.425
2025-12-29,DESKTOP,0,300,0.0,48.82666666666667
2025-12-29,MOBILE,0,32,0.0,58.34375
2025-12-31,DESKTOP,0,287,0.0,48.142857142857146
2025-12-31,MOBILE,0,11,0.0,88.54545454545455
2025-12-31,TABLET,0,1,0.0,7.0
2026-01-01,DESKTOP,0,313,0.0,53.02555910543131
2026-01-02,MOBILE,0,57,0.0,46.12280701754386
2026-01-03,DESKTOP,0,287,0.0,49.944250871080136
2026-01-04,MOBILE,0,38,0.0,61.39473684210526
2026-01-05,DESKTOP,0,289,0.0,53.69550173010381
2026-01-05,MOBILE,0,33,0.0,58.75757575757576
2026-01-05,TABLET,0,1,0.0,13.0
2026-01-06,MOBILE,0,24,0.0,62.375
2026-01-07,MOBILE,0,48,0.0,73.33333333333333
2026-01-08,DESKTOP,0,534,0.0,55.52059925093633
2026-01-08,MOBILE,0,64,0.0,63.25
2026-01-09,DESKTOP,0,392,0.0,55.63265306122449
2026-01-09,MOBILE,0,85,0.0,70.83529411764705
2026-01-10,MOBILE,0,127,0.0,57.330708661417326
2026-01-11,MOBILE,0,89,0.0,65.08988764044943
2026-01-12,MOBILE,0,48,0.0,47.5625
2026-01-13,DESKTOP,0,407,0.0,46.79115479115479
2026-01-13,MOBILE,0,36,0.0,53.77777777777778
2026-01-14,DESKTOP,0,349,0.0,51.412607449856736
2026-01-15,MOBILE,0,26,0.0,66.6923076923077
2026-01-16,DESKTOP,0,472,0.0,52.016949152542374
2026-01-16,MOBILE,0,109,0.0,61.027522935779814
2026-01-17,DESKTOP,0,377,0.0,55.57559681697613
2026-01-17,MOBILE,0,75,0.0,65.18666666666667
2026-01-18,DESKTOP,0,339,0.0,53.03834808259587
2026-01-18,MOBILE,0,57,0.0,55.07017543859649
2026-01-19,DESKTOP,0,350,0.0,50.88285714285714
2026-01-19,MOBILE,0,59,0.0,53.67796610169491
2026-01-20,MOBILE,0,46,0.0,65.82608695652173
2026-01-21,DESKTOP,0,744,0.0,49.348118279569896
2026-01-21,MOBILE,0,44,0.0,73.81818181818181
2026-01-21,TABLET,0,1,0.0,16.0
2026-01-22,DESKTOP,0,396,0.0,52.38131313131313
2026-01-22,MOBILE,0,44,0.0,55.25
2026-01-23,MOBILE,0,57,0.0,51.63157894736842
2026-01-24,MOBILE,0,44,0.0,56.70454545454545
2026-01-25,DESKTOP,0,310,0.0,53.33548387096774
2026-01-25,MOBILE,0,55,0.0,63.58181818181818
2026-01-26,MOBILE,0,48,0.0,54.625
2026-01-27,MOBILE,0,50,0.0,69.98
2026-01-27,TABLET,0,1,0.0,27.0
2026-01-28,MOBILE,0,45,0.0,70.77777777777777
2026-01-29,DESKTOP,0,178,0.0,56.174157303370784
2026-01-29,MOBILE,0,50,0.0,57.64
2026-01-30,DESKTOP,0,401,0.0,52.99002493765586
2026-01-31,DESKTOP,0,218,0.0,55.059633027522935
2026-01-31,MOBILE,0,46,0.0,61.21739130434783
2026-02-01,DESKTOP,0,214,0.0,55.06542056074766
2026-02-01,MOBILE,0,47,0.0,67.12765957446808
2026-02-01,TABLET,0,1,0.0,12.0
2026-02-02,DESKTOP,0,389,0.0,44.311053984575835
2026-02-02,MOBILE,0,42,0.0,56.285714285714285
2026-02-03,MOBILE,0,32,0.0,62.5
2026-02-04,DESKTOP,0,293,0.0,48.75767918088737
2026-02-04,MOBILE,0,32,0.0,51.0625
2026-02-05,DESKTOP,0,284,0.0,55.5387323943662
2026-02-05,MOBILE,0,36,0.0,70.25
2026-02-06,DESKTOP,0,162,0.0,49.20987654320987
2026-02-06,MOBILE,0,50,0.0,49.84
2026-02-06,TABLET,0,1,0.0,3.0
2026-02-08,DESKTOP,0,211,0.0,52.11374407582938
2026-02-08,MOBILE,0,44,0.0,64.93181818181819
2026-02-08,TABLET,0,1,0.0,6.0
2026-02-09,DESKTOP,0,256,0.0,43.51171875
2026-02-10,DESKTOP,0,248,0.0,46.721774193548384
2026-02-10,MOBILE,0,56,0.0,59.05357142857143
2026-02-11,MOBILE,0,27,0.0,60.55555555555556
2026-02-12,DESKTOP,0,320,0.0,46.7
2026-02-12,MOBILE,0,25,0.0,54.12
2026-02-12,TABLET,0,1,0.0,15.0
2026-02-13,DESKTOP,0,214,0.0,51.88785046728972
2026-02-13,MOBILE,0,28,0.0,33.32142857142857
2026-02-14,DESKTOP,0,233,0.0,47.75965665236051
2026-02-14,MOBILE,0,32,0.0,49.15625
2026-02-15,DESKTOP,0,248,0.0,53.67338709677419
2026-02-15,MOBILE,0,29,0.0,54.58620689655172
2026-02-16,DESKTOP,0,250,0.0,48.12
2026-02-17,MOBILE,0,34,0.0,65.05882352941177
2026-02-18,MOBILE,0,17,0.0,65.88235294117646
2026-02-19,DESKTOP,0,182,0.0,60.76373626373626
2026-02-19,MOBILE,0,18,0.0,87.16666666666667
2026-02-19,TABLET,0,1,0.0,16.0
2026-02-20,DESKTOP,0,185,0.0,49.92972972972973
2026-02-20,MOBILE,0,31,0.0,49.16129032258065
2026-02-20,TABLET,0,1,0.0,5.0
2026-02-21,DESKTOP,0,226,0.0,51.99557522123894
2026-02-21,MOBILE,0,34,0.0,57.64705882352941
2026-02-22,DESKTOP,0,188,0.0,59.159574468085104
2026-02-22,MOBILE,0,31,0.0,60.193548387096776
2026-02-23,MOBILE,0,15,0.0,50.2
2026-02-24,MOBILE,0,19,0.0,45.68421052631579
2026-02-25,DESKTOP,0,250,0.0,53.748
2026-02-25,MOBILE,0,20,0.0,34.0
2026-02-26,MOBILE,0,20,0.0,37.6
2026-02-27,MOBILE,0,21,0.0,50.23809523809524
2026-02-27,TABLET,0,1,0.0,2.0
2026-02-28,DESKTOP,0,230,0.0,47.74782608695652
2026-02-28,MOBILE,0,26,0.0,46.76923076923077
2026-03-02,DESKTOP,0,246,0.0,43.63414634146341
2026-03-04,DESKTOP,0,403,0.0,42.16377171215881
2026-03-05,MOBILE,0,43,0.0,35.2093023255814
2026-03-06,MOBILE,0,42,0.0,38.642857142857146
2026-03-07,DESKTOP,0,375,0.0,42.112
2026-03-07,MOBILE,0,31,0.0,43.96774193548387
2026-03-08,DESKTOP,0,347,0.0,42.328530259366
2026-03-08,MOBILE,0,17,0.0,58.88235294117647
2026-03-09,DESKTOP,0,342,0.0,42.26315789473684
2026-03-09,MOBILE,0,20,0.0,35.2
2026-03-10,DESKTOP,0,276,0.0,44.166666666666664
2026-03-10,MOBILE,0,19,0.0,42.26315789473684
2026-03-11,MOBILE,0,28,0.0,30.035714285714285
2026-03-12,DESKTOP,0,485,0.0,45.23711340206186
2026-03-12,MOBILE,0,16,0.0,45.375
2026-03-13,DESKTOP,0,367,0.0,39.05722070844686
2026-03-13,MOBILE,0,31,0.0,44.70967741935484
2026-03-14,DESKTOP,0,378,0.0,35.68518518518518
2026-03-14,MOBILE,0,30,0.0,20.7
2026-03-15,MOBILE,0,18,0.0,50.94444444444444
2026-03-16,DESKTOP,0,401,0.0,36.84788029925187
2026-03-16,MOBILE,0,32,0.0,25.25
2026-03-17,DESKTOP,0,329,0.0,40.51063829787234
2026-03-17,MOBILE,0,21,0.0,25.952380952380953
2026-03-18,DESKTOP,0,307,0.0,41.3257328990228
2026-03-18,MOBILE,0,30,0.0,47.93333333333333
2026-03-19,DESKTOP,0,349,0.0,42.29226361031519
2026-03-19,MOBILE,0,14,0.0,50.07142857142857
2026-03-20,DESKTOP,0,345,0.0,41.36231884057971
2026-03-20,MOBILE,0,27,0.0,44.7037037037037
2026-03-21,MOBILE,0,6,0.0,46.333333333333336
2026-03-22,DESKTOP,0,214,0.0,40.77570093457944
2026-03-22,MOBILE,0,15,0.0,36.13333333333333
2026-03-23,MOBILE,0,22,0.0,25.772727272727273
2026-03-25,DESKTOP,0,221,0.0,38.68325791855204
2026-03-26,DESKTOP,0,307,0.0,41.5700325732899
2026-03-26,MOBILE,0,21,0.0,41.42857142857143
2026-03-27,DESKTOP,0,314,0.0,43.43312101910828
2026-03-28,DESKTOP,0,297,0.0,38.804713804713806
2026-03-28,MOBILE,0,30,0.0,41.333333333333336
2026-03-29,DESKTOP,0,332,0.0,37.91867469879518
2026-03-29,MOBILE,0,25,0.0,32.04
2026-03-30,DESKTOP,0,363,0.0,41.21763085399449
2026-03-30,MOBILE,0,25,0.0,40.68
2026-03-31,DESKTOP,0,272,0.0,44.72794117647059
2026-03-31,MOBILE,0,9,0.0,30.333333333333332
2026-04-01,DESKTOP,0,276,0.0,44.29710144927536
2026-04-01,MOBILE,0,14,0.0,49.357142857142854
2026-04-02,DESKTOP,0,298,0.0,47.41610738255034
2026-04-02,MOBILE,0,10,0.0,50.9
2026-04-03,DESKTOP,0,219,0.0,41.80365296803653
2026-04-03,MOBILE,0,30,0.0,37.7
2026-04-04,MOBILE,0,17,0.0,29.058823529411764
2026-04-04,TABLET,0,3,0.0,31.666666666666668
2026-04-05,DESKTOP,0,269,0.0,43.01115241635688
2026-04-05,MOBILE,0,15,0.0,54.46666666666667
2026-04-05,TABLET,0,1,0.0,75.0
2026-04-06,DESKTOP,0,315,0.0,37.698412698412696
2026-04-06,MOBILE,0,34,0.0,27.823529411764707
2026-04-07,DESKTOP,0,363,0.0,46.83471074380165
2026-04-07,MOBILE,0,8,0.0,31.25
2026-04-08,DESKTOP,0,314,0.0,46.66242038216561
2026-04-08,MOBILE,0,5,0.0,47.8
2026-04-08,TABLET,0,3,0.0,64.33333333333334
2026-04-09,DESKTOP,0,461,0.0,47.71800433839479
2026-04-09,MOBILE,0,13,0.0,61.69230769230769
2026-04-10,DESKTOP,0,287,0.0,44.59581881533101
2026-04-10,MOBILE,0,25,0.0,34.36
2026-04-11,DESKTOP,0,250,0.0,43.984
2026-04-11,MOBILE,0,7,0.0,35.0
2026-04-11,TABLET,0,1,0.0,84.0
2026-04-12,MOBILE,0,24,0.0,41.875
2026-04-13,DESKTOP,0,313,0.0,40.59105431309904
2026-04-14,DESKTOP,0,221,0.0,41.48868778280543
2026-04-14,MOBILE,0,9,0.0,47.111111111111114
2026-04-15,DESKTOP,0,192,0.0,43.114583333333336
2026-04-15,MOBILE,0,4,0.0,50.25
2026-04-15,TABLET,0,1,0.0,80.0
2026-04-16,MOBILE,0,7,0.0,52.285714285714285
2026-04-16,TABLET,0,2,0.0,60.5
2026-04-17,DESKTOP,0,238,0.0,45.911764705882355
2026-04-17,MOBILE,0,19,0.0,31.736842105263158
2026-04-18,MOBILE,0,9,0.0,48.55555555555556
2026-04-19,DESKTOP,0,241,0.0,42.55601659751037
2026-04-19,MOBILE,0,19,0.0,57.0
2026-04-20,DESKTOP,0,244,0.0,41.92213114754098
2026-04-20,MOBILE,0,20,0.0,27.0
2026-04-21,MOBILE,0,9,0.0,58.22222222222222
2026-04-21,TABLET,0,1,0.0,48.0
2026-04-22,MOBILE,0,8,0.0,47.75
2026-04-23,MOBILE,0,10,0.0,47.0
2026-04-24,DESKTOP,0,350,0.0,36.07714285714286
2026-04-24,MOBILE,0,13,0.0,33.84615384615385
2026-04-24,TABLET,0,2,0.0,63.5
2026-04-25,DESKTOP,0,217,0.0,45.45161290322581
2026-04-25,MOBILE,0,13,0.0,36.30769230769231
2026-04-25,TABLET,0,1,0.0,78.0
2026-04-26,DESKTOP,0,227,0.0,41.84581497797357
2026-04-26,MOBILE,0,21,0.0,56.666666666666664
2026-04-27,DESKTOP,0,457,0.0,41.074398249452955
2026-04-27,MOBILE,0,14,0.0,37.357142857142854
2026-04-28,MOBILE,0,10,0.0,65.8
2026-04-28,TABLET,0,1,0.0,49.0
2026-04-29,DESKTOP,0,137,0.0,51.52554744525548
2026-04-29,MOBILE,0,3,0.0,46.333333333333336
2026-04-30,DESKTOP,0,144,0.0,46.24305555555556
2026-04-30,MOBILE,0,5,0.0,82.0
2026-05-01,DESKTOP,0,164,0.0,46.75
2026-05-02,DESKTOP,0,154,0.0,45.12337662337662
2026-05-02,MOBILE,0,1,0.0,19.0
2026-05-04,DESKTOP,0,181,0.0,50.07734806629834
2026-05-04,MOBILE,0,18,0.0,30.22222222222222
2026-05-06,DESKTOP,0,168,0.0,47.92857142857143
2026-05-06,MOBILE,0,3,0.0,22.333333333333332
2026-05-07,DESKTOP,0,366,0.0,46.21584699453552
2026-05-07,MOBILE,0,7,0.0,43.0
2026-05-08,DESKTOP,0,164,0.0,49.53658536585366
2026-05-08,MOBILE,0,12,0.0,39.916666666666664
2026-05-09,MOBILE,0,3,0.0,72.66666666666667
2026-05-10,DESKTOP,0,254,0.0,45.610236220472444
2026-05-10,MOBILE,0,12,0.0,46.75
2026-05-11,DESKTOP,0,264,0.0,48.92045454545455
2026-05-11,MOBILE,0,18,0.0,35.5
2026-05-12,DESKTOP,0,212,0.0,48.339622641509436
2026-05-12,MOBILE,0,14,0.0,44.857142857142854
2026-05-13,DESKTOP,0,210,0.0,49.6
2026-05-13,MOBILE,0,8,0.0,49.125
2026-05-14,MOBILE,0,15,0.0,41.0
2026-05-15,MOBILE,0,19,0.0,38.473684210526315
2026-05-16,DESKTOP,0,250,0.0,41.5
2026-05-16,MOBILE,0,17,0.0,31.0
2026-05-17,DESKTOP,0,353,0.0,43.54674220963173
2026-05-17,MOBILE,0,21,0.0,51.0
2026-05-18,DESKTOP,0,400,0.0,39.0425
2026-05-18,MOBILE,0,15,0.0,23.666666666666668
2026-05-19,DESKTOP,0,239,0.0,41.36820083682009
2026-05-19,MOBILE,0,22,0.0,43.54545454545455
2026-05-20,DESKTOP,0,247,0.0,38.48987854251012
2026-05-20,MOBILE,0,4,0.0,35.75
2026-05-21,DESKTOP,0,223,0.0,49.309417040358746
2026-05-22,DESKTOP,0,246,0.0,41.666666666666664
2026-05-22,MOBILE,0,30,0.0,30.7
2026-05-23,DESKTOP,0,268,0.0,42.298507462686565
2026-05-23,MOBILE,0,32,0.0,24.25
2026-05-24,DESKTOP,0,343,0.0,45.97376093294461
2026-05-24,MOBILE,0,32,0.0,43.8125
2026-05-25,DESKTOP,0,312,0.0,44.407051282051285
2026-05-25,MOBILE,0,16,0.0,28.3125
2026-05-26,MOBILE,0,21,0.0,48.38095238095238
2026-05-27,DESKTOP,0,315,0.0,44.06349206349206
2026-05-27,TABLET,0,1,0.0,45.0
2026-05-28,DESKTOP,0,390,0.0,45.674358974358974
2026-05-28,MOBILE,0,12,0.0,55.0
2026-05-28,TABLET,0,1,0.0,87.0
2026-05-29,MOBILE,0,25,0.0,28.08
2026-05-29,TABLET,0,1,0.0,78.0
2026-05-30,DESKTOP,0,289,0.0,43.60553633217993
2026-05-30,MOBILE,0,4,0.0,39.0
2026-05-30,TABLET,0,1,0.0,87.0
2026-05-31,DESKTOP,0,402,0.0,48.83582089552239
2026-05-31,MOBILE,0,30,0.0,45.833333333333336
2026-05-31,TABLET,0,1,0.0,40.0
2026-06-01,DESKTOP,0,324,0.0,46.2037037037037
2026-06-01,MOBILE,0,18,0.0,41.666666666666664
2026-06-02,DESKTOP,0,262,0.0,45.786259541984734
2026-06-02,MOBILE,0,32,0.0,48.15625
2026-06-02,TABLET,0,2,0.0,57.5
2026-06-03,MOBILE,0,9,0.0,43.22222222222222
2026-06-04,DESKTOP,0,329,0.0,50.08510638297872
2026-06-04,MOBILE,0,5,0.0,34.8
2026-06-05,DESKTOP,0,228,0.0,46.828947368421055
2026-06-05,MOBILE,0,28,0.0,37.285714285714285
2026-06-05,TABLET,0,1,0.0,63.0
2026-06-06,DESKTOP,0,257,0.0,47.28793774319066
2026-06-07,DESKTOP,0,403,0.0,49.682382133995034
2026-06-07,MOBILE,0,21,0.0,58.38095238095238
2026-06-08,DESKTOP,0,392,0.0,45.369897959183675
2026-06-08,MOBILE,0,17,0.0,43.0
2026-06-08,TABLET,0,1,0.0,81.0
2026-06-09,DESKTOP,0,290,0.0,42.282758620689656
2026-06-09,MOBILE,0,36,0.0,38.72222222222222
2026-06-10,DESKTOP,0,275,0.0,45.03272727272727
2026-06-10,MOBILE,0,8,0.0,50.5
2026-06-11,DESKTOP,0,313,0.0,47.670926517571885
2026-06-11,MOBILE,0,6,0.0,35.5
2026-06-11,TABLET,0,1,0.0,84.0
2026-06-12,DESKTOP,0,249,0.0,49.140562248995984
2026-06-12,TABLET,0,3,0.0,54.0
2026-06-13,DESKTOP,0,272,0.0,47.7389705882353
2026-06-13,MOBILE,0,6,0.0,21.166666666666668
2026-06-13,TABLET,0,3,0.0,69.33333333333333
2026-06-14,DESKTOP,0,321,0.0,52.205607476635514
2026-06-14,MOBILE,0,27,0.0,60.74074074074074
2026-06-14,TABLET,0,2,0.0,76.5
2026-06-15,DESKTOP,0,432,0.0,44.710648148148145
2026-06-15,MOBILE,0,23,0.0,42.608695652173914
2026-06-16,DESKTOP,0,228,0.0,56.23684210526316
2026-06-16,MOBILE,0,30,0.0,58.56666666666667
2026-06-17,DESKTOP,0,279,0.0,49.5663082437276
2026-06-17,MOBILE,0,16,0.0,54.1875
2026-06-18,DESKTOP,0,336,0.0,50.666666666666664
2026-06-18,MOBILE,0,11,0.0,43.18181818181818
2026-06-18,TABLET,0,1,0.0,50.0
2026-06-19,DESKTOP,0,266,0.0,48.721804511278194
2026-06-20,DESKTOP,0,264,0.0,48.30681818181818
2026-06-21,DESKTOP,0,339,0.0,50.17994100294985
2026-06-22,DESKTOP,0,339,0.0,49.92035398230089
2026-06-22,MOBILE,0,22,0.0,35.90909090909091
2026-06-23,MOBILE,0,31,0.0,46.41935483870968
2026-06-24,MOBILE,0,18,0.0,33.5
2026-06-25,DESKTOP,0,339,0.0,50.3952802359882
2026-06-25,MOBILE,0,10,0.0,44.3
2026-06-26,DESKTOP,0,415,0.0,44.797590361445785
2026-06-26,MOBILE,0,19,0.0,42.473684210526315
2026-06-27,DESKTOP,0,307,0.0,45.66449511400651
2026-06-28,DESKTOP,0,362,0.0,49.52209944751381
2026-06-28,MOBILE,0,28,0.0,53.607142857142854
2026-06-29,DESKTOP,0,342,0.0,46.87134502923977
2026-06-30,DESKTOP,0,506,0.0,45.758893280632414
2026-07-01,DESKTOP,0,314,0.0,48.261146496815286
2026-07-01,MOBILE,0,14,0.0,33.857142857142854
2026-07-02,DESKTOP,0,316,0.0,48.95253164556962
2026-07-02,MOBILE,0,9,0.0,46.111111111111114
2026-07-03,DESKTOP,0,315,0.0,50.56825396825397
2026-07-03,MOBILE,0,14,0.0,37.92857142857143
2026-07-04,DESKTOP,0,280,0.0,49.089285714285715
2026-07-04,MOBILE,0,13,0.0,41.53846153846154
2026-07-05,MOBILE,0,35,0.0,50.02857142857143
2026-07-06,DESKTOP,0,294,0.0,47.95918367346939
2026-07-07,DESKTOP,0,268,0.0,49.23880597014925
2026-07-07,MOBILE,0,26,0.0,51.23076923076923
2026-07-08,DESKTOP,0,258,0.0,48.12015503875969
2026-07-08,MOBILE,0,8,0.0,50.75
2026-07-09,DESKTOP,0,382,0.0,54.7565445026178
2026-07-09,MOBILE,0,10,0.0,47.2
2026-07-10,DESKTOP,0,270,0.0,52.762962962962966
2026-07-11,DESKTOP,0,229,0.0,46.7117903930131
2026-07-11,MOBILE,0,9,0.0,48.111111111111114
2026-07-13,DESKTOP,0,243,0.0,48.1522633744856
2026-07-13,MOBILE,0,16,0.0,35.9375
2026-07-14,MOBILE,0,30,0.0,52.0
2026-07-15,MOBILE,0,6,0.0,28.666666666666668
2026-07-16,DESKTOP,0,245,0.0,49.83673469387755
2026-07-16,MOBILE,0,3,0.0,61.0
2026-07-17,MOBILE,0,13,0.0,42.0
2026-07-17,TABLET,0,1,0.0,51.0
2026-07-18,DESKTOP,0,201,0.0,44.059701492537314
2026-07-18,MOBILE,0,11,0.0,26.272727272727273
2026-07-18,TABLET,0,1,0.0,61.0
2026-07-19,DESKTOP,0,230,0.0,45.995652173913044
2026-07-19,MOBILE,0,13,0.0,47.07692307692308
2026-07-20,DESKTOP,0,214,0.0,44.21495327102804
2026-07-21,DESKTOP,0,167,0.0,42.467065868263475
2026-07-21,TABLET,0,1,0.0,51.0
2026-07-22,DESKTOP,0,39,0.0,75.28205128205128
2026-07-22,MOBILE,0,2,0.0,19.5
2026-07-23,DESKTOP,0,51,0.0,68.54901960784314
2026-07-23,MOBILE,0,3,0.0,69.0
2026-07-24,DESKTOP,0,44,0.0,73.27272727272727
2026-07-24,MOBILE,0,1,0.0,96.0
2026-07-25,DESKTOP,0,40,0.0,73.3
2026-07-26,DESKTOP,0,38,0.0,81.21052631578948
2026-07-26,MOBILE,0,3,0.0,39.0
2026-07-26,TABLET,0,1,0.0,97.0
2026-07-27,DESKTOP,0,35,0.0,72.85714285714286
2026-07-27,MOBILE,0,2,0.0,58.5
2026-07-28,DESKTOP,0,40,0.0,80.25
2026-07-28,MOBILE,0,8,0.0,74.375
2026-07-29,DESKTOP,0,64,0.0,87.640625
2026-07-30,DESKTOP,0,44,0.0,80.9090909090909
2026-07-31,DESKTOP,0,28,0.0,77.14285714285714
2026-07-31,MOBILE,0,1,0.0,29.0
2026-08-01,DESKTOP,0,28,0.0,84.14285714285714
2026-08-02,DESKTOP,0,67,0.0,77.14925373134328
2026-08-02,MOBILE,0,4,0.0,67.25
2026-08-03,DESKTOP,0,21,0.0,70.66666666666667
2026-08-04,DESKTOP,0,39,0.0,75.12820512820512
2026-08-04,MOBILE,0,8,0.0,76.625
2026-08-05,DESKTOP,0,78,0.0,84.12820512820512
2026-08-06,DESKTOP,0,66,0.0,83.57575757575758
2026-08-07,DESKTOP,0,37,0.0,88.32432432432432
2026-08-07,MOBILE,0,1,0.0,6.0
2026-08-08,DESKTOP,0,34,0.0,83.26470588235294
2026-08-08,MOBILE,0,3,0.0,45.0
2026-08-09,DESKTOP,0,77,0.0,78.40259740259741
2026-08-10,DESKTOP,0,55,0.0,74.18181818181819
2026-08-10,MOBILE,0,2,0.0,100.5
2026-08-11,DESKTOP,0,59,0.0,81.08474576271186
2026-08-11,MOBILE,0,9,0.0,80.22222222222223
2026-08-12,DESKTOP,0,31,0.0,77.45161290322581
2026-08-12,MOBILE,0,5,0.0,81.8
2026-08-13,DESKTOP,0,74,0.0,79.04054054054055
2026-08-13,MOBILE,0,3,0.0,100.33333333333333
2026-08-14,DESKTOP,0,24,0.0,71.875
2026-08-14,MOBILE,0,5,0.0,69.6
2026-08-15,DESKTOP,0,28,0.0,83.85714285714286
2026-08-16,DESKTOP,0,78,0.0,80.0
2026-08-16,MOBILE,0,6,0.0,72.0
2026-08-17,DESKTOP,0,95,0.0,60.126315789473686
2026-08-17,MOBILE,0,5,0.0,76.6
2026-08-18,DESKTOP,0,377,0.0,48.11405835543766
2026-08-18,MOBILE,0,31,0.0,51.61290322580645
2026-08-19,DESKTOP,0,210,0.0,52.03809523809524
2026-08-20,DESKTOP,0,279,0.0,51.12544802867384
2026-08-21,DESKTOP,0,181,0.0,52.26519337016575
2026-08-22,DESKTOP,0,293,0.0,47.877133105802045
2026-08-22,MOBILE,0,17,0.0,45.94117647058823
2026-08-23,DESKTOP,0,308,0.0,47.37662337662338
2026-08-25,MOBILE,0,29,0.0,54.62068965517241
2026-08-26,DESKTOP,0,467,0.0,53.773019271948606
2026-08-26,TABLET,0,1,0.0,44.0
2026-08-27,DESKTOP,0,526,0.0,58.47528517110266
2026-08-27,MOBILE,0,10,0.0,71.1
2026-08-27,TABLET,0,1,0.0,39.0
