pagePathPlusQueryString,pageTitle,screenPageViews,totalUsers,activeUsers,userEngagementDuration,eventCount,keyEvents
/,Arizona Web Design & Development | AZ Web Corp,25,20,20,121,82,0
/free-seo-audit/,Free SEO Audit Tool | AZWebCorp,11,4,4,310,26,0
/contact-us/,Contact AZWebCorp | Arizona Web Development & SEO,3,3,3,46,10,0
/seo-audit-results/?target=Azwebcorp.com,SEO Audit Results - Arizona Web Development & Design | AZ Web Corp,3,2,2,53,8,0
/web-development/,Custom Web Development Services in Arizona | AZ Web Corp,3,3,3,9,10,0
/arizona-seo-services/,Arizona SEO Company | Technical & Local SEO | AZWebCorp,2,2,2,52,9,0
/seo-audit-results/?target=Rtilab.com,SEO Audit Results - Arizona Web Development & Design | AZ Web Corp,2,1,1,0,4,0
/seo-audit-results/?target=azwebcorp.com,SEO Audit Results - Arizona Web Development & Design | AZ Web Corp,2,2,2,34,6,0
/?gtm_latency=1,Arizona Web Design & Development | AZ Web Corp,1,1,1,0,3,0
/arizona-digital-marketing/,Arizona Digital Marketing Agency | AZWebCorp | 1 Expert,1,1,1,0,3,0
/contact-us/?sent=1,Contact AZWebCorp | Arizona Web Development & SEO,1,1,1,360,2,0
/seo-audit-results/?target=PrestigeWindowsAz.com,SEO Audit Results - Arizona Web Development & Design | AZ Web Corp,1,1,1,55,3,0
/seo-audit-results/?target=Prestigewindowsaz.com,SEO Audit Results - Arizona Web Development & Design | AZ Web Corp,1,1,1,105,3,0
/seo-audit-results/?target=Prestigewindowsz.com,SEO Audit Results - Arizona Web Development & Design | AZ Web Corp,1,1,1,0,2,0
/seo-audit-results/?target=khemia.com,SEO Audit Results - Arizona Web Development & Design | AZ Web Corp,1,1,1,129,3,0
