page,device,clicks,impressions,ctr,position
https://azwebcorp.com/,MOBILE,110,6963,0.01579778830963665,38.583369237397676
https://azwebcorp.com/,DESKTOP,43,44528,0.0009656845131153431,42.30690801293568
https://azwebcorp.com/2020/07/29/free-instagram-followers-hack/,MOBILE,10,69,0.14492753623188406,88.94202898550725
https://azwebcorp.com/arizona-backend-development/,MOBILE,5,58,0.08620689655172414,46.98275862068966
https://azwebcorp.com/2020/07/29/free-instagram-followers-hack/,DESKTOP,3,103,0.02912621359223301,51.66990291262136
https://azwebcorp.com/2020/07/29/free-instagram-followers-hack-50k-free-that-works-in-2024/,MOBILE,2,7,0.2857142857142857,155.57142857142858
https://azwebcorp.com/arizona-seo-services/,DESKTOP,2,38679,5.17076449753096e-05,67.59642183096771
https://azwebcorp.com/frontend-development/,MOBILE,2,64,0.03125,77.296875
https://azwebcorp.com/category/digital-marketing/,MOBILE,1,9,0.1111111111111111,21.555555555555557
http://shop.azwebcorp.com/,DESKTOP,0,1,0.0,1.0
http://shop.azwebcorp.com/,MOBILE,0,2,0.0,1.0
https://azwebcorp.com/,TABLET,0,38,0.0,52.05263157894737
https://azwebcorp.com/2020/07/29/7-best-internal-linking-plugins-for-wordpress-websites/,DESKTOP,0,758,0.0,81.61873350923483
https://azwebcorp.com/2020/07/29/7-best-internal-linking-plugins-for-wordpress-websites/,MOBILE,0,99,0.0,80.95959595959596
https://azwebcorp.com/2020/07/29/best-internal-linking-plugins-wordpress/,DESKTOP,0,7428,0.0,72.6599353796446
https://azwebcorp.com/2020/07/29/best-internal-linking-plugins-wordpress/,MOBILE,0,166,0.0,78.03614457831326
https://azwebcorp.com/2020/07/29/best-internal-linking-plugins-wordpress/,TABLET,0,1,0.0,100.0
https://azwebcorp.com/2020/07/29/free-instagram-followers-hack-50k-free-that-works-in-2024/,DESKTOP,0,2,0.0,126.0
https://azwebcorp.com/2020/07/29/free-instagram-followers-hack-50k-free-that-works-in-2024/,TABLET,0,1,0.0,127.0
https://azwebcorp.com/2020/07/29/how-much-does-seo-cost-in-arizona/,DESKTOP,0,18951,0.0,40.136932088016465
https://azwebcorp.com/2020/07/29/how-much-does-seo-cost-in-arizona/,MOBILE,0,384,0.0,25.861979166666668
https://azwebcorp.com/2025/12/05/phoenix-seo-expert-local-search/,DESKTOP,0,1431,0.0,42.374563242487774
https://azwebcorp.com/2025/12/05/phoenix-seo-expert-local-search/,MOBILE,0,86,0.0,35.616279069767444
https://azwebcorp.com/about-azwebcorp/,DESKTOP,0,2393,0.0,13.600501462599247
https://azwebcorp.com/about-azwebcorp/,MOBILE,0,597,0.0,7.02177554438861
https://azwebcorp.com/arizona-backend-development/,DESKTOP,0,676,0.0,42.05917159763314
https://azwebcorp.com/arizona-digital-marketing/,DESKTOP,0,3117,0.0,75.59416105229387
https://azwebcorp.com/arizona-digital-marketing/,MOBILE,0,622,0.0,81.2717041800643
https://azwebcorp.com/arizona-printing-services/,DESKTOP,0,5,0.0,43.0
https://azwebcorp.com/arizona-printing-services/,MOBILE,0,2,0.0,33.5
https://azwebcorp.com/arizona-seo-services/,MOBILE,0,5013,0.0,80.31498104927189
https://azwebcorp.com/arizona-seo-services/,TABLET,0,6,0.0,89.83333333333333
https://azwebcorp.com/arizona-web-design/,DESKTOP,0,8,0.0,79.875
https://azwebcorp.com/arizona-web-design/,MOBILE,0,2,0.0,86.0
https://azwebcorp.com/arizona-web-development/,DESKTOP,0,5318,0.0,41.59608875517112
https://azwebcorp.com/arizona-web-development/,MOBILE,0,620,0.0,24.246774193548386
https://azwebcorp.com/case-studies/,DESKTOP,0,2,0.0,87.0
https://azwebcorp.com/category/digital-marketing/,DESKTOP,0,111,0.0,33.351351351351354
https://azwebcorp.com/contact-us/,DESKTOP,0,73,0.0,64.76712328767124
https://azwebcorp.com/contact-us/,MOBILE,0,589,0.0,6.823429541595925
https://azwebcorp.com/domain-registration/,DESKTOP,0,44,0.0,61.29545454545455
https://azwebcorp.com/frontend-development/,DESKTOP,0,1999,0.0,68.01750875437719
https://azwebcorp.com/hire-our-services/,DESKTOP,0,511,0.0,49.551859099804304
https://azwebcorp.com/hire-our-services/,MOBILE,0,408,0.0,6.519607843137255
https://azwebcorp.com/hosting-domains/,DESKTOP,0,45,0.0,86.42222222222222
https://azwebcorp.com/how-much-does-seo-cost-in-arizona/,DESKTOP,0,105,0.0,66.02857142857142
https://azwebcorp.com/marketing-automation2/,DESKTOP,0,113,0.0,25.061946902654867
https://azwebcorp.com/marketing-automation2/,MOBILE,0,202,0.0,9.361386138613861
https://azwebcorp.com/mobile-app-development-services-arizona/,DESKTOP,0,5569,0.0,54.44550188543724
https://azwebcorp.com/mobile-app-development-services-arizona/,MOBILE,0,369,0.0,29.181571815718158
https://azwebcorp.com/news-and-insights/,DESKTOP,0,102,0.0,6.421568627450981
https://azwebcorp.com/news-and-insights/,MOBILE,0,23,0.0,6.826086956521739
https://azwebcorp.com/our-featured-projects/,DESKTOP,0,1398,0.0,64.88912732474964
https://azwebcorp.com/our-featured-projects/,MOBILE,0,13,0.0,90.38461538461539
https://azwebcorp.com/phoenix-web-development/,DESKTOP,0,27,0.0,80.48148148148148
https://azwebcorp.com/phoenix-web-development/,MOBILE,0,4,0.0,79.0
https://azwebcorp.com/privacy-policy/,DESKTOP,0,45,0.0,47.62222222222222
https://azwebcorp.com/privacy-policy/,MOBILE,0,4,0.0,8.0
https://azwebcorp.com/seo-company-phoenix-az/,DESKTOP,0,59,0.0,82.7457627118644
https://azwebcorp.com/seo-company-phoenix-az/,MOBILE,0,2,0.0,83.0
https://azwebcorp.com/tech-industry-blog/,DESKTOP,0,433,0.0,6.346420323325635
https://azwebcorp.com/tech-industry-blog/,MOBILE,0,125,0.0,5.288
https://azwebcorp.com/tech-industry-blogs/,DESKTOP,0,43,0.0,5.1395348837209305
https://azwebcorp.com/tech-industry-blogs/,MOBILE,0,6,0.0,5.166666666666667
https://azwebcorp.com/tech/,DESKTOP,0,1421,0.0,9.890921885995777
https://azwebcorp.com/tech/,MOBILE,0,435,0.0,6.997701149425287
https://azwebcorp.com/web-development-services/,DESKTOP,0,118,0.0,67.20338983050847
https://azwebcorp.com/web-development-services/,MOBILE,0,7,0.0,66.0
https://azwebcorp.com/web-development/,DESKTOP,0,25,0.0,87.08
https://azwebcorp.com/web-hosting-plus/,DESKTOP,0,40,0.0,91.275
https://azwebcorp.com/web-hosting/,DESKTOP,0,14,0.0,77.5
https://azwebcorp.com/what-is-critical-error-on-wordpress/,DESKTOP,0,2021,0.0,9.91835724888669
https://azwebcorp.com/what-is-critical-error-on-wordpress/,MOBILE,0,591,0.0,6.835871404399323
https://azwebcorp.com/wordpress-critical-error-on-the-website/,DESKTOP,0,1939,0.0,75.2501289324394
https://azwebcorp.com/wordpress-critical-error-on-the-website/,MOBILE,0,347,0.0,74.79250720461096
https://azwebcorp.com/wordpress-critical-error-on-the-website/,TABLET,0,12,0.0,73.66666666666667
https://azwebcorp.com/wordpress-tutorials-resolve-at-arizona-azwebcorp/,DESKTOP,0,2,0.0,55.5
https://azwebcorp.com/workflow-automation-2/,DESKTOP,0,3,0.0,46.333333333333336
https://azwebcorp.com/workflow-automation-2/,MOBILE,0,1,0.0,72.0
https://azwebcorp.com/workflow-automation/,DESKTOP,0,110,0.0,41.054545454545455
https://azwebcorp.com/workflow-automation/,MOBILE,0,402,0.0,6.174129353233831
