page,clicks,impressions,ctr,position
https://azwebcorp.com/,315,57784,0.005451336009968158,39.99920393188426
https://azwebcorp.com/2020/07/29/free-instagram-followers-hack/,32,335,0.0955223880597015,58.6089552238806
https://azwebcorp.com/arizona-seo-services/,11,45831,0.0002400122188038664,68.9074643800048
https://azwebcorp.com/arizona-backend-development/,9,1028,0.008754863813229572,38.826848249027236
https://azwebcorp.com/frontend-development/,6,2370,0.002531645569620253,62.54514767932489
https://azwebcorp.com/2020/07/29/free-instagram-followers-hack-50k-free-that-works-in-2024/,3,12,0.25,130.08333333333334
https://azwebcorp.com/contact-us/,3,1533,0.0019569471624266144,41.74951076320939
https://azwebcorp.com/arizona-web-development/,2,7208,0.0002774694783573807,38.04675360710322
https://azwebcorp.com/about-azwebcorp/,1,3774,0.00026497085320614734,11.329888712241653
https://azwebcorp.com/arizona-digital-marketing/,1,4087,0.00024467824810374357,73.39246390995841
https://azwebcorp.com/category/digital-marketing/,1,267,0.003745318352059925,17.89887640449438
https://azwebcorp.com/mobile-app-development-services-arizona/,1,7197,0.00013894678338196472,51.97082117548979
http://azwebcorp.com/,0,3,0.0,1.0
http://shop.azwebcorp.com/,0,8,0.0,4.5
https://azwebcorp.com/2020/07/29/7-best-internal-linking-plugins-for-wordpress-websites/,0,942,0.0,81.71125265392782
https://azwebcorp.com/2020/07/29/best-internal-linking-plugins-wordpress/,0,7946,0.0,72.75597785049081
https://azwebcorp.com/2020/07/29/how-much-does-seo-cost-in-arizona/,0,20748,0.0,40.62936186620397
https://azwebcorp.com/2025/12/05/phoenix-seo-expert-local-search/,0,1678,0.0,40.6626936829559
https://azwebcorp.com/account-settings/,0,7,0.0,16.0
https://azwebcorp.com/arizona-printing-services/,0,28,0.0,21.392857142857142
https://azwebcorp.com/arizona-seo-agency/,0,2,0.0,10.0
https://azwebcorp.com/arizona-web-design/,0,10,0.0,81.1
https://azwebcorp.com/case-studies/,0,8,0.0,23.75
https://azwebcorp.com/category/seo/,0,3,0.0,4.0
https://azwebcorp.com/domain-registration/,0,51,0.0,58.431372549019606
https://azwebcorp.com/error-on-wordpress-types-symptoms/,0,1,0.0,6.0
https://azwebcorp.com/hire-our-services/,0,1309,0.0,26.158135981665392
https://azwebcorp.com/hosting-domains/,0,48,0.0,86.20833333333333
https://azwebcorp.com/how-much-does-seo-cost-in-arizona/,0,107,0.0,65.48598130841121
https://azwebcorp.com/marketing-automation2/,0,551,0.0,16.551724137931032
https://azwebcorp.com/news-and-insights/,0,155,0.0,6.980645161290322
https://azwebcorp.com/our-featured-projects/,0,1659,0.0,59.924653405666064
https://azwebcorp.com/phoenix-web-development/,0,31,0.0,80.29032258064517
https://azwebcorp.com/privacy-policy/,0,257,0.0,17.579766536964982
https://azwebcorp.com/seo-company-phoenix-az/,0,98,0.0,79.29591836734694
https://azwebcorp.com/ssl/,0,5,0.0,61.8
https://azwebcorp.com/tech-industry-blog/,0,661,0.0,6.010590015128593
https://azwebcorp.com/tech-industry-blogs/,0,58,0.0,4.706896551724138
https://azwebcorp.com/tech-news-and-insights/,0,1,0.0,6.0
https://azwebcorp.com/tech/,0,2147,0.0,8.84536562645552
https://azwebcorp.com/web-development-services/,0,143,0.0,60.98601398601399
https://azwebcorp.com/web-development/,0,25,0.0,87.08
https://azwebcorp.com/web-hosting-plus/,0,41,0.0,89.14634146341463
https://azwebcorp.com/web-hosting/,0,16,0.0,71.9375
https://azwebcorp.com/what-is-critical-error-on-wordpress/,0,3007,0.0,9.453275690056534
https://azwebcorp.com/wordpress-critical-error-on-the-website/,0,2362,0.0,74.73666384419982
https://azwebcorp.com/wordpress-hosting/,0,1,0.0,39.0
https://azwebcorp.com/wordpress-tutorials-resolve-at-arizona-azwebcorp/,0,46,0.0,25.630434782608695
https://azwebcorp.com/workflow-automation-2/,0,51,0.0,17.41176470588235
https://azwebcorp.com/workflow-automation/,0,780,0.0,13.453846153846154
