period,page,clicks,impressions,ctr,position
previous,https://azwebcorp.com/,3,460,0.006521739130434782,60.278260869565216
previous,https://azwebcorp.com/2020/07/29/free-instagram-followers-hack/,1,15,0.06666666666666667,77.66666666666667
previous,https://azwebcorp.com/arizona-seo-services/,1,494,0.0020242914979757085,54.10323886639676
previous,https://azwebcorp.com/2020/07/29/how-much-does-seo-cost-in-arizona/,0,88,0.0,21.556818181818183
previous,https://azwebcorp.com/2025/12/05/phoenix-seo-expert-local-search/,0,27,0.0,44.77777777777778
previous,https://azwebcorp.com/about-azwebcorp/,0,16,0.0,52.0
previous,https://azwebcorp.com/arizona-backend-development/,0,19,0.0,78.73684210526316
previous,https://azwebcorp.com/arizona-digital-marketing/,0,24,0.0,50.916666666666664
previous,https://azwebcorp.com/arizona-web-development/,0,72,0.0,58.52777777777778
previous,https://azwebcorp.com/contact-us/,0,7,0.0,100.71428571428571
previous,https://azwebcorp.com/domain-registration/,0,7,0.0,29.0
previous,https://azwebcorp.com/frontend-development/,0,15,0.0,78.06666666666666
previous,https://azwebcorp.com/hire-our-services/,0,14,0.0,80.21428571428571
previous,https://azwebcorp.com/hosting-domains/,0,5,0.0,104.0
previous,https://azwebcorp.com/how-much-does-seo-cost-in-arizona/,0,9,0.0,66.0
previous,https://azwebcorp.com/mobile-app-development-services-arizona/,0,28,0.0,56.785714285714285
previous,https://azwebcorp.com/our-featured-projects/,0,52,0.0,80.07692307692308
previous,https://azwebcorp.com/privacy-policy/,0,1,0.0,1.0
previous,https://azwebcorp.com/tech/,0,7,0.0,43.42857142857143
previous,https://azwebcorp.com/web-hosting-plus/,0,4,0.0,94.5
previous,https://azwebcorp.com/web-hosting/,0,2,0.0,91.5
previous,https://azwebcorp.com/what-is-critical-error-on-wordpress/,0,3,0.0,41.666666666666664
previous,https://azwebcorp.com/wordpress-critical-error-on-the-website/,0,1,0.0,66.0
previous,https://azwebcorp.com/wordpress-hosting/,0,1,0.0,39.0
previous,https://azwebcorp.com/wordpress-tutorials-resolve-at-arizona-azwebcorp/,0,8,0.0,73.75
