period,query,clicks,impressions,ctr,position
previous,arizona web development gilbert,54,128,0.421875,1.2265625
previous,web design gilbert,13,131,0.09923664122137404,75.40458015267176
previous,arizona web development,12,768,0.015625,4.884114583333334
previous,azwebcorp,10,18,0.5555555555555556,1.0
previous,arizona backend development,7,112,0.0625,2.7857142857142856
previous,arizona web developer,5,399,0.012531328320802004,4.140350877192983
previous,seo services arizona,4,1254,0.003189792663476874,87.7280701754386
previous,web development arizona,4,629,0.006359300476947536,13.45945945945946
previous,seo services gilbert az,3,5,0.6,8.8
previous,web design gilbert az,3,139,0.02158273381294964,52.48201438848921
previous,web design near me,3,4,0.75,8.25
previous,arizona frontend development,2,72,0.027777777777777776,12.055555555555555
previous,arizona web,2,205,0.00975609756097561,20.160975609756097
previous,az web design,2,951,0.002103049421661409,61.35120925341746
previous,seo service near me,2,2,1.0,1.0
previous,seo services gilbert,2,4,0.5,1.25
previous,web design arizona,2,70,0.02857142857142857,62.371428571428574
previous,web designers near me,2,7,0.2857142857142857,6.714285714285714
previous,website development arizona,2,575,0.0034782608695652175,32.23304347826087
previous,app development company near me,1,5,0.2,66.2
previous,arizona seo services,1,501,0.001996007984031936,78.9061876247505
previous,digital marketing arizona,1,256,0.00390625,86.60546875
previous,digital marketing gilbert,1,1,1.0,54.0
previous,phoenix web design,1,1,1.0,14.0
previous,seo company in phoenix arizona,1,3,0.3333333333333333,64.0
previous,seo company phoenix,1,1,1.0,35.0
previous,seo gilbert,1,1,1.0,8.0
previous,seo gilbert az,1,4,0.25,22.75
previous,seo in gilbert,1,2,0.5,3.5
previous,seo near me,1,1,1.0,1.0
previous,seo phoenix,1,1,1.0,5.0
previous,seo services in arizona,1,272,0.003676470588235294,89.69852941176471
previous,web design,1,6,0.16666666666666666,2.5
previous,web design phoenix az,1,1,1.0,56.0
previous,web designer,1,3,0.3333333333333333,13.0
previous,web designer arizona,1,274,0.0036496350364963502,60.60948905109489
previous,web designer gilbert,1,1,1.0,4.0
previous,web designers arizona,1,17,0.058823529411764705,58.705882352941174
previous,web designers gilbert,1,51,0.0196078431372549,77.25490196078431
previous,web developer,1,16,0.0625,6.3125
previous,web developer arizona,1,279,0.0035842293906810036,6.641577060931899
previous,web developer phoenix az,1,264,0.003787878787878788,39.91287878787879
previous,web development phoenix arizona,1,1141,0.0008764241893076249,27.2068361086766
previous,website design gilbert arizona,1,25,0.04,60.6
previous,2025 best internal linking plugin,0,1,0.0,83.0
previous,24 hour businesses near me open now,0,1,0.0,11.0
previous,a z digital marketing,0,76,0.0,58.23684210526316
previous,a-z digital marketing,0,76,0.0,58.14473684210526
previous,ab web developers,0,1,0.0,95.0
previous,accounting web design gilbert,0,2,0.0,76.0
previous,adult seo services in arizona,0,3,0.0,99.33333333333333
previous,affordable local seo packages arizona,0,7,0.0,94.28571428571429
previous,affordable local seo services in phoenix,0,1,0.0,81.0
previous,affordable mesa seo company,0,46,0.0,82.84782608695652
previous,affordable organic seo growth az,0,21,0.0,76.66666666666667
previous,affordable seo agency near me,0,2,0.0,81.0
previous,affordable seo company phoenix,0,42,0.0,84.66666666666667
previous,affordable seo company scottsdale,0,665,0.0,83.27218045112782
previous,affordable seo packages az,0,20,0.0,69.25
previous,affordable seo packages phoenix,0,58,0.0,98.70689655172414
previous,affordable seo phoenix,0,12,0.0,76.08333333333333
previous,affordable seo scottsdale,0,188,0.0,87.38297872340425
previous,affordable seo services in arizona,0,7,0.0,89.42857142857143
previous,affordable seo services in phoenix,0,11,0.0,90.45454545454545
previous,affordable seo solutions phoenix,0,1,0.0,102.0
previous,affordable web design and development services scottsdale,0,52,0.0,89.25
previous,affordable web designers gilbert,0,2,0.0,98.5
previous,ai-powered best internal linking plugin,0,2,0.0,67.0
previous,and seo services,0,2,0.0,102.0
previous,android app development company arizona,0,85,0.0,47.55294117647059
previous,android app development company in arizona,0,61,0.0,51.32786885245902
previous,app and website developer,0,1,0.0,1.0
previous,app companies in arizona,0,48,0.0,56.9375
previous,app designers near me,0,1,0.0,6.0
previous,app developer,0,3,0.0,4.0
previous,app developer arizona,0,91,0.0,52.7032967032967
previous,app developer near me,0,1,0.0,1.0
previous,app developers arizona,0,77,0.0,64.07792207792207
previous,app developers in arizona,0,112,0.0,60.0625
previous,app developers near me,0,18,0.0,94.77777777777777
previous,app developers phoenix,0,19,0.0,85.15789473684211
previous,app development agency,0,2,0.0,4.5
previous,app development arizona,0,135,0.0,69.62222222222222
previous,app development companies arizona,0,104,0.0,89.5673076923077
previous,app development companies in arizona,0,36,0.0,94.0
previous,app development company arizona,0,92,0.0,51.78260869565217
previous,app development company in arizona,0,62,0.0,57.774193548387096
previous,app development in arizona,0,132,0.0,76.71969696969697
previous,app development phoenix,0,37,0.0,92.16216216216216
previous,app development scottsdale,0,1,0.0,81.0
previous,app development services near me,0,4,0.0,83.75
previous,app develper,0,1,0.0,3.0
previous,app making company near me,0,6,0.0,68.83333333333333
previous,arizona ad agency,0,14,0.0,91.0
previous,arizona affordable web designer,0,13,0.0,90.6923076923077
previous,arizona app builders,0,7,0.0,55.0
previous,arizona app development company,0,93,0.0,53.806451612903224
previous,arizona az web design,0,109,0.0,82.6697247706422
previous,arizona best seo company,0,4,0.0,94.5
previous,arizona cheap organic seo growth,0,1,0.0,98.0
previous,arizona design web,0,56,0.0,85.69642857142857
previous,arizona digital agency,0,23,0.0,93.43478260869566
previous,arizona digital marketing,0,146,0.0,89.5
previous,arizona digital marketing agency,0,104,0.0,94.34615384615384
previous,arizona digital marketing company,0,28,0.0,95.0
previous,arizona digital marketing services,0,8,0.0,85.0
previous,arizona digital marketing solutions,0,4,0.0,97.5
previous,arizona digital media,0,1,0.0,93.0
previous,arizona ecommerce design,0,2,0.0,84.0
previous,arizona inexpensive web design,0,7,0.0,89.71428571428571
previous,arizona inexpensive web designer,0,3,0.0,79.0
previous,arizona interactive agency,0,10,0.0,85.1
previous,arizona internet marketing,0,71,0.0,77.85915492957747
previous,arizona internet marketing agency,0,1,0.0,82.0
previous,arizona internet marketing company,0,24,0.0,75.41666666666667
previous,arizona local seo,0,89,0.0,89.29213483146067
previous,arizona local seo consultant,0,21,0.0,92.04761904761905
previous,arizona local seo marketing services,0,43,0.0,88.72093023255815
previous,arizona local seo services,0,57,0.0,84.33333333333333
previous,arizona marketing agency,0,318,0.0,86.15723270440252
previous,arizona marketing company,0,123,0.0,88.1219512195122
previous,arizona mobile app developers,0,94,0.0,58.06382978723404
previous,arizona mobile app development,0,157,0.0,65.44585987261146
previous,arizona mobile development,0,57,0.0,47.24561403508772
previous,arizona mobile development programmers,0,70,0.0,46.4
previous,arizona online marketing,0,241,0.0,84.85477178423237
previous,arizona online marketing agency,0,22,0.0,90.95454545454545
previous,arizona printing company,0,1,0.0,66.0
previous,arizona printing services,0,3,0.0,51.333333333333336
previous,arizona professional seo services,0,10,0.0,83.7
previous,arizona retail services seo firm,0,94,0.0,89.19148936170212
previous,arizona retail services ux/ui,0,62,0.0,76.16129032258064
previous,arizona search engine optimization,0,383,0.0,84.1514360313316
previous,arizona search engine optimization agency,0,29,0.0,87.44827586206897
previous,arizona search engine optimization company,0,16,0.0,82.625
previous,arizona search engine optimization consultants,0,79,0.0,89.0253164556962
previous,arizona seo,0,231,0.0,83.26839826839827
previous,arizona seo agencies,0,126,0.0,84.22222222222223
previous,arizona seo agency,0,1070,0.0,89.6429906542056
previous,arizona seo companies,0,168,0.0,80.13690476190476
previous,arizona seo company,0,1991,0.0,84.89703666499247
previous,arizona seo consultant,0,27,0.0,83.85185185185185
previous,arizona seo consultant services,0,12,0.0,90.16666666666667
previous,arizona seo consultants company,0,1,0.0,77.0
previous,arizona seo digital marketing company,0,15,0.0,81.6
previous,arizona seo expert,0,85,0.0,83.34117647058824
previous,arizona seo firm,0,100,0.0,95.21
previous,arizona seo optimization services,0,103,0.0,87.67961165048544
previous,arizona seo package,0,6,0.0,81.83333333333333
previous,arizona seo package plan,0,25,0.0,89.48
previous,arizona seo packages,0,14,0.0,92.07142857142857
previous,arizona seo search engine optimization,0,119,0.0,82.5126050420168
previous,arizona seo service,0,582,0.0,83.95704467353951
previous,arizona seo specialist,0,14,0.0,97.21428571428571
previous,arizona small business seo services,0,25,0.0,78.68
previous,arizona social media agency,0,94,0.0,94.56382978723404
previous,arizona software development,0,3,0.0,94.0
previous,arizona software development company,0,8,0.0,89.75
previous,arizona technology ad agency,0,2,0.0,87.5
previous,arizona technology seo firm,0,4,0.0,63.75
previous,arizona top seo,0,1,0.0,78.0
previous,arizona web company,0,239,0.0,11.146443514644352
previous,arizona web design,0,1391,0.0,76.15025161754134
previous,arizona web design agency,0,2,0.0,51.0
previous,arizona web design and seo,0,394,0.0,47.464467005076145
previous,arizona web design companies,0,6,0.0,75.83333333333333
previous,arizona web design company,0,673,0.0,59.99405646359584
previous,arizona web design services,0,65,0.0,43.676923076923075
previous,arizona web designer,0,599,0.0,36.348914858096826
previous,arizona web designers,0,640,0.0,55.3390625
previous,arizona web developers,0,43,0.0,10.255813953488373
previous,arizona web development company,0,18,0.0,8.944444444444445
previous,arizona web hosting,0,2,0.0,1.0
previous,arizona web marketing,0,125,0.0,66.744
previous,arizona web site design,0,32,0.0,71.9375
previous,arizona web site design company,0,4,0.0,88.75
previous,arizona webdesign,0,16,0.0,26.875
previous,arizona website companies,0,329,0.0,84.27051671732522
previous,arizona website design,0,1062,0.0,74.36064030131827
previous,arizona website design company,0,9,0.0,77.55555555555556
previous,arizona website designer,0,275,0.0,75.40363636363637
previous,arizona website designers,0,6,0.0,81.16666666666667
previous,arizona website developer,0,71,0.0,13.746478873239436
previous,arizona website developers,0,238,0.0,37.04621848739496
previous,arizona website development,0,579,0.0,25.431778929188255
previous,arizona wordpress,0,2,0.0,72.0
previous,arizona’s best seo company,0,13,0.0,95.3076923076923
previous,auto internal linking plugin wordpress,0,2,0.0,94.0
previous,automate digital marketing tasks arizona,0,34,0.0,86.23529411764706
previous,automated marketing workflows arizona,0,62,0.0,17.741935483870968
previous,az custom wordpress development services,0,24,0.0,51.833333333333336
previous,az developers,0,1,0.0,58.0
previous,az digital marketing,0,459,0.0,56.51633986928105
previous,az digital marketing agency,0,90,0.0,90.75555555555556
previous,az freelance website designer,0,61,0.0,35.967213114754095
previous,az local search engine optimization,0,9,0.0,77.33333333333333
previous,az local seo consultant,0,41,0.0,85.85365853658537
previous,az local seo services,0,77,0.0,79.57142857142857
previous,az marketing agency,0,53,0.0,83.86792452830188
previous,az online marketing,0,5,0.0,91.2
previous,az search engine optimization,0,1,0.0,57.0
previous,az search engine optimization agency,0,1,0.0,91.0
previous,az seo,0,26,0.0,89.76923076923077
previous,az seo company,0,379,0.0,93.96306068601584
previous,az seo guru,0,3,0.0,32.66666666666667
previous,az seo optimization services,0,205,0.0,78.48780487804878
previous,az web,0,63,0.0,42.04761904761905
previous,az web design and seo,0,17,0.0,56.94117647058823
previous,az web design firm,0,5,0.0,82.8
previous,az web designers,0,38,0.0,84.23684210526316
previous,az website company,0,180,0.0,75.68333333333334
previous,az website design,0,97,0.0,84.57731958762886
previous,az website design company,0,12,0.0,89.5
previous,az website development,0,23,0.0,57.69565217391305
previous,az-web,0,4,0.0,47.25
previous,azf-digital-marketing,0,11,0.0,93.81818181818181
previous,azu-digital-marketing,0,81,0.0,61.81481481481482
previous,azweb,0,21,0.0,58.19047619047619
previous,backend development solutions,0,1,0.0,61.0
previous,best arizona digital marketing agency,0,37,0.0,90.45945945945945
previous,best arizona seo company,0,231,0.0,87.54978354978356
previous,best best internal linking plugin,0,2,0.0,86.0
previous,best chandler seo company,0,52,0.0,96.21153846153847
previous,best internal link plugin wordpress,0,33,0.0,84.24242424242425
previous,best internal linking plugin,0,58,0.0,90.20689655172414
previous,best internal linking plugin wordpress,0,43,0.0,76.55813953488372
previous,best internal linking wordpress plugins for higher web optimization,0,39,0.0,81.71794871794872
previous,best link building plugin for wordpress,0,74,0.0,79.5945945945946
previous,best local search optimization practices arizona,0,3,0.0,98.33333333333333
previous,best mobile app development company in arizona,0,61,0.0,95.49180327868852
previous,best search engine optimization companies tempe,0,4,0.0,94.75
previous,best seo agencies arizona,0,20,0.0,83.65
previous,best seo agency in chandler,0,5,0.0,91.0
previous,best seo agency in mesa,0,3,0.0,93.66666666666667
previous,best seo agency in tempe,0,9,0.0,97.66666666666667
previous,best seo arizona,0,11,0.0,89.54545454545455
previous,best seo companies in arizona,0,1,0.0,101.0
previous,best seo companies mesa,0,30,0.0,97.13333333333334
previous,best seo company arizona,0,89,0.0,85.67415730337079
previous,best seo company in arizona,0,19,0.0,100.10526315789474
previous,best seo company in chandler,0,11,0.0,95.9090909090909
previous,best seo company in mesa az,0,207,0.0,93.90338164251207
previous,best seo company in tempe,0,1,0.0,100.0
previous,best seo company scottsdale,0,2,0.0,79.0
previous,best seo in arizona,0,66,0.0,93.37878787878788
previous,best seo in az,0,12,0.0,84.75
previous,best seo in phoenix az,0,1,0.0,103.0
previous,best seo service in arizona,0,130,0.0,94.88461538461539
previous,best seo services in phoenix,0,1,0.0,87.0
previous,"best seo services in scottsdale, az",0,28,0.0,93.78571428571429
previous,best seo services in tempe,0,18,0.0,97.0
previous,best web app development services in arizona,0,132,0.0,41.234848484848484
previous,best web application development company in arizona,0,130,0.0,51.09230769230769
previous,best web developer phoenix,0,19,0.0,83.42105263157895
previous,best wordpress internal linking,0,23,0.0,85.3913043478261
previous,best wordpress plugin for internal linking,0,6,0.0,82.66666666666667
previous,budget-friendly seo strategies for startups arizona,0,54,0.0,86.27777777777777
previous,business near me,0,1,0.0,38.0
previous,business near me without website,0,1,0.0,27.0
previous,business seo services in phoenix,0,3,0.0,99.33333333333333
previous,chandler ai seo agency,0,1,0.0,95.0
previous,chandler az seo,0,15,0.0,97.86666666666666
previous,chandler seo agency,0,1,0.0,96.0
previous,chandler seo company,0,6,0.0,99.33333333333333
previous,chandler seo expert,0,3,0.0,94.0
previous,chandler seo services,0,19,0.0,93.89473684210526
previous,cheap effective organic seo growth az,0,7,0.0,24.714285714285715
previous,cheap local seo growth az,0,2,0.0,97.0
previous,cheap organic growth of seo in az,0,1,0.0,27.0
previous,cheap organic seo growth in arizona,0,1,0.0,57.0
previous,cheap organic seo packages arizona,0,23,0.0,89.30434782608695
previous,cheap organic seo packages az,0,3,0.0,86.0
previous,cheapest website design,0,1,0.0,10.0
previous,construction website design gilbert az,0,13,0.0,1.0
previous,contractor seo mesa arizona,0,58,0.0,87.08620689655173
previous,course best internal linking plugin,0,41,0.0,90.95121951219512
previous,critical error on website,0,4,0.0,77.75
previous,critical error on wordpress site,0,6,0.0,74.0
previous,critical error wordpress,0,393,0.0,76.82442748091603
previous,custom affordable websites for startups arizona,0,4,0.0,83.75
previous,custom mobile app development arizona,0,102,0.0,43.48039215686274
previous,custom web app development agency in gilbert town,0,33,0.0,20.78787878787879
previous,custom web app development agency in phoenix,0,4,0.0,82.25
previous,custom website design mesa arizona,0,44,0.0,83.13636363636364
previous,custom wordpress seo website in phoenix,0,1,0.0,84.0
previous,custom wordpress website developers in phoenix,0,6,0.0,95.0
previous,custom wordpress website developers phoenix,0,3,0.0,80.33333333333333
previous,design agencies near me,0,2,0.0,12.5
previous,development marketing,0,1,0.0,13.0
previous,digital ads arizona,0,4,0.0,100.5
previous,digital agency arizona,0,4,0.0,95.0
previous,digital current seo services phoenix,0,2,0.0,100.5
previous,digital marketing,0,1,0.0,11.0
previous,digital marketing a-z,0,1,0.0,88.0
previous,digital marketing agencies in arizona,0,3,0.0,84.33333333333333
previous,digital marketing agency arizona,0,392,0.0,91.05102040816327
previous,digital marketing agency az,0,9,0.0,92.0
previous,digital marketing agency in arizona,0,1,0.0,101.0
previous,digital marketing and web development services,0,1,0.0,1.0
previous,digital marketing az,0,16,0.0,90.6875
previous,digital marketing companies in arizona,0,1,0.0,98.0
previous,digital marketing company arizona,0,1,0.0,87.0
previous,digital marketing in arizona,0,93,0.0,88.43010752688173
previous,digital marketing services arizona,0,32,0.0,91.03125
previous,digital marketing services az,0,1,0.0,94.0
previous,digital marketing services in arizona,0,1,0.0,100.0
previous,digital marketing tempe,0,1,0.0,91.0
previous,e commerce website development company,0,1,0.0,68.0
previous,e-commerce seo services phoenix,0,14,0.0,96.71428571428571
previous,easy best internal linking plugin,0,5,0.0,93.6
previous,easy internal linking plugin,0,12,0.0,88.0
previous,effective cheap organic seo az,0,1,0.0,50.0
previous,effective cheap organic seo growth az,0,1,0.0,32.0
previous,effective organic seo growth az,0,1,0.0,88.0
previous,fatal error wordpress,0,2,0.0,77.5
previous,for beginners best internal linking plugin,0,5,0.0,83.4
previous,for beginners internal linking plugin,0,10,0.0,90.6
previous,for seo best internal linking plugin,0,8,0.0,89.125
previous,for wordpress best internal linking plugin,0,4,0.0,83.5
previous,free web design az,0,32,0.0,84.21875
previous,freelance web designer for small businesses in [location] arizona,0,25,0.0,40.56
previous,gilbert ecommerce web design,0,1,0.0,87.0
previous,gilbert web design,0,2,0.0,9.5
previous,gilbert web design company,0,3,0.0,81.66666666666667
previous,gilbert web designers,0,2,0.0,77.5
previous,"gilbert, ariz. contractor website design",0,17,0.0,48.0
previous,growth of cheap organic seo arizona,0,5,0.0,23.6
previous,growth of cheap organic seo in arizona,0,6,0.0,84.5
previous,hire a web developer,0,1,0.0,6.0
previous,hire arizona app development agencies specializing in cross-platform app development.,0,2,0.0,5.5
previous,hosting and cloud support in gilbert,0,4,0.0,85.25
previous,how to best internal linking plugin,0,3,0.0,98.66666666666667
previous,hvac seo mesa,0,1,0.0,68.0
previous,interlink wordpress plugin,0,11,0.0,90.54545454545455
previous,interlinking wordpress plugin,0,3,0.0,95.66666666666667
previous,internal link juicer alternatives,0,21,0.0,89.33333333333333
previous,internal link juicer review,0,3,0.0,90.66666666666667
previous,internal linking wordpress,0,1,0.0,95.0
previous,internet marketing arizona,0,6,0.0,96.16666666666667
previous,iphone app developers arizona,0,28,0.0,49.535714285714285
previous,iphone app development arizona,0,86,0.0,50.16279069767442
previous,java web application development company associative,0,1,0.0,13.0
previous,leading digital agencies arizona,0,1,0.0,86.0
previous,link whisper vs internal link juicer,0,3,0.0,98.0
previous,linkwhisper vs internal link juicer,0,1,0.0,101.0
previous,local arizona seo agency,0,58,0.0,88.43103448275862
previous,local phoenix seo,0,2,0.0,77.0
previous,local search engine optimization az,0,20,0.0,91.1
previous,local search engine optimization phoenix az,0,3,0.0,85.33333333333333
previous,local seo agency mesa,0,2,0.0,99.0
previous,local seo agency phoenix,0,5,0.0,95.2
previous,local seo arizona,0,354,0.0,88.23728813559322
previous,local seo chandler,0,1,0.0,92.0
previous,local seo companies in scottsdale arizona,0,2,0.0,91.5
previous,local seo company arizona,0,238,0.0,93.92436974789916
previous,local seo company az,0,16,0.0,95.625
previous,local seo company mesa,0,1,0.0,92.0
previous,local seo company phoenix,0,12,0.0,92.5
previous,local seo company tempe,0,94,0.0,72.14893617021276
previous,local seo in phoenix,0,5,0.0,87.8
previous,local seo in phoenix az,0,1,0.0,93.0
previous,local seo marketing in arizona,0,12,0.0,92.75
previous,local seo marketing mesa az,0,1,0.0,101.0
previous,local seo mesa az,0,27,0.0,95.70370370370371
previous,local seo phoenix az,0,1,0.0,94.0
previous,local seo scottsdale,0,4,0.0,99.0
previous,local seo service phoenix,0,3,0.0,93.0
previous,local seo service phoenix az,0,6,0.0,84.0
previous,local seo service scottsdale az,0,44,0.0,93.13636363636364
previous,local seo services arizona,0,31,0.0,85.54838709677419
previous,local seo services chandler az,0,52,0.0,90.15384615384616
previous,local seo services in phoenix,0,2,0.0,91.0
previous,local seo services in phoenix az,0,3,0.0,92.0
previous,local seo services in scottsdale arizona,0,8,0.0,100.25
previous,local seo services in the city of phoenix,0,1,0.0,90.0
previous,local seo services mesa az,0,19,0.0,89.52631578947368
previous,local seo services phoenix,0,10,0.0,88.6
previous,local seo services phoenix az,0,2,0.0,87.0
previous,local seo services scottsdale,0,14,0.0,97.21428571428571
previous,local seo services scottsdale az,0,6,0.0,96.16666666666667
previous,local seo services tempe az,0,36,0.0,78.19444444444444
previous,local seo strategies arizona,0,4,0.0,64.25
previous,local seo tempe,0,92,0.0,51.26086956521739
previous,local web design,0,1,0.0,1.0
previous,local web developers near me,0,1,0.0,10.0
previous,local web development company associative,0,1,0.0,30.0
previous,low-cost website development packages for small businesses arizona,0,5,0.0,78.8
previous,marketing company arizona,0,1,0.0,99.0
previous,mesa arizona web design,0,33,0.0,83.84848484848484
previous,mesa az search engine optimization,0,96,0.0,83.52083333333333
previous,mesa az seo,0,95,0.0,90.41052631578947
previous,mesa az web design,0,62,0.0,86.24193548387096
previous,mesa az web design company,0,250,0.0,72.004
previous,mesa az wordpress developer,0,127,0.0,44.732283464566926
previous,mesa best seo services,0,2,0.0,90.0
previous,mesa expert seo marketing company,0,11,0.0,83.54545454545455
previous,mesa expert seo marketing consultant,0,5,0.0,83.8
previous,mesa landscaping seo,0,42,0.0,86.4047619047619
previous,mesa local business seo,0,1,0.0,94.0
previous,mesa local seo company,0,9,0.0,95.66666666666667
previous,mesa local seo service,0,11,0.0,96.45454545454545
previous,mesa local seo services,0,5,0.0,85.8
previous,mesa professional seo services,0,5,0.0,79.0
previous,mesa search engine company,0,4,0.0,93.0
previous,mesa search engine optimization,0,1,0.0,77.0
previous,mesa search engine optimization companies,0,24,0.0,99.83333333333333
previous,mesa seo,0,3,0.0,98.33333333333333
previous,mesa seo agency,0,19,0.0,89.42105263157895
previous,mesa seo companies,0,10,0.0,98.4
previous,mesa seo company,0,27,0.0,87.62962962962963
previous,mesa seo company services,0,3,0.0,88.33333333333333
previous,mesa seo consultant,0,7,0.0,96.28571428571429
previous,mesa seo expert,0,2,0.0,101.0
previous,mesa seo marketing services,0,3,0.0,87.33333333333333
previous,mesa seo service,0,1,0.0,102.0
previous,mesa seo services,0,1,0.0,101.0
previous,mesa seo services company,0,2,0.0,85.0
previous,mesa seo work,0,2,0.0,81.0
previous,mesa small business seo,0,3,0.0,96.0
previous,mesa top ranking seo marketing agency,0,2,0.0,93.0
previous,mesa top ranking seo marketing consultant,0,13,0.0,100.38461538461539
previous,mesa top ranking seo marketing firm,0,17,0.0,96.70588235294117
previous,mesa website development company,0,1,0.0,86.0
previous,mesa website development services,0,1,0.0,36.0
previous,mobile app companies in arizona,0,80,0.0,72.6875
previous,mobile app design phoenix,0,12,0.0,87.75
previous,mobile app developer arizona,0,101,0.0,58.693069306930695
previous,mobile app developers arizona,0,89,0.0,60.58426966292135
previous,mobile app developers near me,0,3,0.0,86.33333333333333
previous,mobile app development,0,1,0.0,13.0
previous,mobile app development arizona,0,122,0.0,66.1311475409836
previous,mobile app development companies in arizona,0,50,0.0,94.48
previous,mobile app development companies in phoenix,0,6,0.0,73.66666666666667
previous,mobile app development company arizona,0,90,0.0,51.24444444444445
previous,mobile app development company in arizona,0,51,0.0,55.470588235294116
previous,mobile app development company in mohave,0,12,0.0,69.33333333333333
previous,mobile app development company in phoenix,0,15,0.0,87.46666666666667
previous,mobile app development company in prescott,0,1,0.0,71.0
previous,mobile app development company in show low,0,4,0.0,23.0
previous,mobile app development company near me,0,3,0.0,81.66666666666667
previous,mobile app development near me,0,1,0.0,92.0
previous,mobile app development phoenix,0,11,0.0,90.9090909090909
previous,mobile application development arizona,0,98,0.0,61.97959183673469
previous,mobile application development phoenix,0,19,0.0,89.73684210526316
previous,mobile development arizona,0,132,0.0,51.78030303030303
previous,mobile development phoenix,0,8,0.0,97.875
previous,mobile website arizona,0,8,0.0,93.875
previous,mobile website design arizona,0,2,0.0,67.0
previous,mobile website developers,0,2,0.0,56.5
previous,on page seo techniques arizona,0,1,0.0,65.0
previous,online marketing arizona,0,131,0.0,76.50381679389314
previous,online marketing company arizona,0,66,0.0,84.25757575757575
previous,organic cheap seo growth arizona,0,27,0.0,74.29629629629629
previous,organic seo effective growth arizona,0,1,0.0,77.0
previous,phoenix arizona local search optimization,0,1,0.0,90.0
previous,phoenix arizona seo company,0,3,0.0,77.66666666666667
previous,phoenix arizona web development,0,6,0.0,30.166666666666668
previous,phoenix az seo service,0,6,0.0,90.5
previous,phoenix local search engine optimization,0,1,0.0,96.0
previous,phoenix local seo,0,1,0.0,91.0
previous,phoenix local seo services,0,4,0.0,94.25
previous,phoenix search engine optimization services,0,16,0.0,94.25
previous,phoenix seo audit,0,3,0.0,79.33333333333333
previous,phoenix seo consultant,0,8,0.0,71.0
previous,phoenix seo consultants,0,3,0.0,73.0
previous,phoenix seo expert,0,28,0.0,83.92857142857143
previous,phoenix seo experts,0,7,0.0,79.0
previous,phoenix seo plan arizona seo plan,0,5,0.0,88.4
previous,phoenix seo services,0,18,0.0,75.33333333333333
previous,phoenix seo specialist,0,1,0.0,79.0
previous,phoenix web developer,0,1,0.0,100.0
previous,phoenix web developers,0,5,0.0,66.8
previous,phoenix web development services,0,1,0.0,87.0
previous,phoenix website developer,0,8,0.0,85.5
previous,phoenix website developers,0,43,0.0,87.53488372093024
previous,phoenix website development services,0,1,0.0,87.0
previous,plugin best internal linking plugin,0,19,0.0,86.47368421052632
previous,plugin internal linking plugin,0,6,0.0,89.16666666666667
previous,printing services arizona,0,1,0.0,60.0
previous,professional seo agency chandler,0,9,0.0,97.22222222222223
previous,professional seo agency chandler az,0,4,0.0,93.5
previous,professional seo agency mesa,0,8,0.0,95.75
previous,professional seo agency tempe,0,1,0.0,98.0
previous,professional seo consultant services arizona,0,6,0.0,92.0
previous,professional website design arizona,0,1,0.0,96.0
previous,react native mobile app development arizona,0,49,0.0,49.244897959183675
previous,reliable seo services phoenix,0,1,0.0,88.0
previous,reliable seo services tempe,0,107,0.0,86.17757009345794
previous,scottsdale az local seo company,0,2,0.0,98.5
previous,scottsdale local seo,0,5,0.0,82.8
previous,scottsdale search engine optimization,0,4,0.0,81.5
previous,scottsdale seo expert,0,2,0.0,120.5
previous,scottsdale seo services,0,21,0.0,100.14285714285714
previous,search engine optimization agency phoenix,0,5,0.0,86.2
previous,search engine optimization arizona,0,433,0.0,86.24249422632795
previous,search engine optimization az,0,14,0.0,91.71428571428571
previous,search engine optimization chandler,0,1,0.0,143.0
previous,search engine optimization companies tempe hiring,0,5,0.0,96.0
previous,search engine optimization company scottsdale,0,3,0.0,96.0
previous,search engine optimization in scottsdale az,0,1,0.0,72.0
previous,search engine optimization mesa,0,2,0.0,83.5
previous,search engine optimization phoenix,0,14,0.0,97.78571428571429
previous,search engine optimization scottsdale,0,1,0.0,82.0
previous,search engine optimization services phoenix,0,3,0.0,93.0
previous,seo,0,1,0.0,6.0
previous,seo agency,0,1,0.0,1.0
previous,seo agency arizona,0,244,0.0,92.5327868852459
previous,seo agency chandler,0,1,0.0,86.0
previous,seo agency gilbert az,0,1,0.0,20.0
previous,seo agency in arizona,0,27,0.0,94.77777777777777
previous,seo agency in mesa,0,28,0.0,95.10714285714286
previous,seo agency in mesa az,0,29,0.0,90.79310344827586
previous,seo agency in scottsdale,0,1,0.0,86.0
previous,seo agency in tempe,0,9,0.0,95.22222222222223
previous,seo agency mesa,0,12,0.0,97.0
previous,seo agency mesa az,0,4,0.0,97.25
previous,seo agency near me chandler az,0,52,0.0,92.96153846153847
previous,seo agency tempe,0,2,0.0,77.0
previous,seo and sem marketing in az,0,5,0.0,96.4
previous,seo and wordpress website development phoenix,0,1,0.0,85.0
previous,seo arizona,0,656,0.0,80.10823170731707
previous,seo audit phoenix,0,2,0.0,72.0
previous,seo avondale az,0,3,0.0,76.33333333333333
previous,seo az,0,13,0.0,94.15384615384616
previous,seo chandler,0,4,0.0,73.0
previous,seo chandler az,0,3,0.0,74.0
previous,seo companies in chandler,0,4,0.0,95.0
previous,seo company,0,1,0.0,27.0
previous,seo company arizona,0,80,0.0,92.8625
previous,seo company az,0,4,0.0,93.25
previous,seo company chandler,0,4,0.0,95.75
previous,seo company chandler az,0,2,0.0,90.5
previous,seo company in arizona,0,184,0.0,91.1304347826087
previous,seo company in arozona,0,54,0.0,91.66666666666667
previous,seo company in chandler,0,12,0.0,96.91666666666667
previous,seo company in chandler az,0,7,0.0,94.57142857142857
previous,seo company in mesa,0,99,0.0,94.61616161616162
previous,seo company mesa,0,69,0.0,94.72463768115942
previous,seo company mesa arizona,0,82,0.0,94.82926829268293
previous,seo company mesa az,0,206,0.0,93.5631067961165
previous,seo company near me,0,9,0.0,16.666666666666664
previous,seo company price comparison arizona,0,316,0.0,25.977848101265824
previous,seo company services az,0,5,0.0,94.4
previous,seo company tempe,0,22,0.0,92.81818181818181
previous,seo company tempe az,0,2,0.0,76.5
previous,seo consultant in mesa,0,6,0.0,96.16666666666667
previous,seo consultant mesa,0,12,0.0,74.91666666666667
previous,seo consultant phoenix,0,9,0.0,81.22222222222223
previous,seo consultant scottsdale,0,3,0.0,87.33333333333333
previous,seo consultants phoenix,0,1,0.0,96.0
previous,seo consulting arizona,0,3,0.0,80.0
previous,seo consulting az,0,16,0.0,87.4375
previous,seo consulting phoenix,0,32,0.0,97.84375
previous,seo consulting scottsdale,0,1,0.0,98.0
previous,seo developer,0,1,0.0,7.0
previous,seo expert arizona,0,76,0.0,79.40789473684211
previous,seo expert phoenix,0,9,0.0,77.66666666666667
previous,seo experts phoenix,0,4,0.0,79.0
previous,seo experts scottsdale,0,6,0.0,83.0
previous,seo for cbd tempe,0,1,0.0,60.0
previous,seo growth cheap organic arizona,0,4,0.0,81.25
previous,seo growth cheap organic az,0,1,0.0,34.0
previous,seo guide arizona,0,10,0.0,85.0
previous,seo in arizona,0,112,0.0,88.73214285714286
previous,seo in az,0,31,0.0,87.06451612903226
previous,seo in mesa az,0,95,0.0,83.23157894736842
previous,seo in tempe,0,7,0.0,79.71428571428571
previous,seo marketing near me,0,1,0.0,14.0
previous,seo mesa,0,32,0.0,95.46875
previous,seo mesa arizona,0,17,0.0,89.94117647058823
previous,seo mesa az,0,212,0.0,80.06132075471699
previous,seo package arizona,0,5,0.0,90.6
previous,seo phoenix az,0,3,0.0,20.333333333333332
previous,seo plans in arizona,0,29,0.0,83.13793103448276
previous,seo rates,0,2,0.0,84.5
previous,seo reseller in phoenix,0,2,0.0,108.0
previous,seo service arizona,0,3,0.0,84.0
previous,seo service az,0,65,0.0,89.18461538461538
previous,seo service scottsdale,0,3,0.0,61.0
previous,seo services az,0,137,0.0,86.65693430656934
previous,seo services chandler,0,23,0.0,94.1304347826087
previous,seo services company arizona,0,42,0.0,94.83333333333333
previous,seo services in az,0,57,0.0,84.45614035087719
previous,seo services in phoenix,0,8,0.0,99.625
previous,seo services in phoenix arizona,0,35,0.0,96.17142857142858
previous,seo services in phoenix az,0,40,0.0,92.725
previous,seo services mesa,0,188,0.0,90.76063829787235
previous,seo services mesa az,0,237,0.0,89.59493670886076
previous,seo services near me,0,1,0.0,6.0
previous,seo services phoenix,0,28,0.0,82.96428571428571
previous,seo services phoenix az,0,144,0.0,94.29166666666667
previous,seo services phoenix​,0,3,0.0,77.66666666666667
previous,seo services phoneix,0,2,0.0,85.5
previous,seo services queen creek az,0,2,0.0,90.5
previous,seo services scottsdale,0,5,0.0,89.2
previous,seo services scottsdale az,0,22,0.0,96.77272727272727
previous,seo services seo company az,0,8,0.0,92.625
previous,seo services tempe,0,190,0.0,56.310526315789474
previous,seo services tempe az,0,37,0.0,84.89189189189189
previous,seo tempe,0,11,0.0,81.0
previous,seo tempe arizona,0,4,0.0,86.25
previous,seo tempe az,0,27,0.0,88.07407407407408
previous,seo tool best internal linking plugin,0,34,0.0,85.70588235294117
previous,seo waddell az,0,1,0.0,96.0
previous,seo web design company,0,2,0.0,1.0
previous,seo web designs,0,20,0.0,1.8
previous,seo web development,0,1,0.0,19.0
previous,seo website hosting,0,1,0.0,60.0
previous,seoarizona,0,71,0.0,79.3943661971831
previous,small business custom website development arizona,0,3,0.0,79.33333333333333
previous,social media agency arizona,0,29,0.0,95.75862068965517
previous,social media marketing agency arizona,0,1,0.0,88.0
previous,software best internal linking plugin,0,29,0.0,78.55172413793103
previous,software development company arizona,0,1,0.0,81.0
previous,software internal linking plugin,0,3,0.0,85.66666666666667
previous,software wordpress internal linking,0,8,0.0,96.125
previous,tailored seo solutions for small businesses arizona,0,8,0.0,92.75
previous,tempe arizona seo,0,2,0.0,87.0
previous,tempe az seo agency,0,3,0.0,91.0
previous,tempe seo,0,40,0.0,84.975
previous,tempe seo agency,0,4,0.0,96.0
previous,tempe seo company,0,20,0.0,89.5
previous,tempe seo expert,0,22,0.0,52.90909090909091
previous,tempe seo ranker company,0,18,0.0,76.11111111111111
previous,tempe seo services,0,177,0.0,47.96610169491525
previous,there has been a critical error on this website wordpress,0,1,0.0,73.0
previous,there has been a critical error on this website. wordpress,0,2,0.0,86.0
previous,there is a critical error in your website wordpress,0,1,0.0,82.0
previous,tool best internal linking plugin,0,14,0.0,84.78571428571429
previous,tool internal linking plugin,0,11,0.0,92.45454545454545
previous,tool wordpress internal linking,0,2,0.0,90.5
previous,top app development companies in arizona,0,32,0.0,83.0625
previous,top arizona seo agencies,0,20,0.0,79.65
previous,top arizona seo agency,0,2,0.0,73.0
previous,top marketing automation platforms arizona,0,1,0.0,86.0
previous,top phoenix web development agencies,0,17,0.0,90.6470588235294
previous,top ranking mesa seo consulting company,0,50,0.0,93.36
previous,top ranking seo marketing agency in mesa,0,16,0.0,97.5625
previous,top ranking seo marketing company in mesa,0,24,0.0,99.29166666666667
previous,top ranking seo marketing firm in mesa,0,9,0.0,97.66666666666667
previous,top rated search optimization services company in mesa,0,45,0.0,94.8
previous,top rated web developer,0,1,0.0,3.0
previous,top search engine optimization companies tempe,0,3,0.0,97.0
previous,top search engine optimization services in chandler az,0,28,0.0,91.89285714285714
previous,top seo firm scottsdale,0,11,0.0,93.18181818181819
previous,top seo services in phoenix,0,4,0.0,99.25
previous,top web app development company in arizona,0,65,0.0,68.64615384615385
previous,training best internal linking plugin,0,16,0.0,85.0625
previous,training internal linking plugin,0,2,0.0,93.0
previous,trusted small business seo firms arizona,0,1,0.0,73.0
previous,tutorial best internal linking plugin,0,9,0.0,93.88888888888889
previous,web,0,1,0.0,11.0
previous,web consulting phoenix arizona,0,8,0.0,70.375
previous,web design & development services,0,1,0.0,73.0
previous,web design & seo service,0,1,0.0,22.0
previous,web design agency,0,1,0.0,1.0
previous,web design agency phoenix,0,4,0.0,31.75
previous,web design and development in gilbert town,0,26,0.0,66.34615384615384
previous,web design and development near me,0,19,0.0,26.94736842105263
previous,web design and development services in gilbert town,0,26,0.0,57.15384615384615
previous,web design and development services near me,0,4,0.0,15.0
previous,web design and digital marketing,0,1,0.0,2.0
previous,web design and seo company,0,1,0.0,1.0
previous,web design arizona az,0,2,0.0,92.0
previous,web design az,0,36,0.0,92.55555555555556
previous,web design companies in mesa,0,2,0.0,98.0
previous,web design companies near me,0,1,0.0,88.0
previous,web design company arizona,0,87,0.0,71.26436781609195
previous,web design company az,0,2,0.0,57.0
previous,web design company mesa,0,10,0.0,96.6
previous,web design company mesa az,0,44,0.0,78.8409090909091
previous,web design company near me,0,5,0.0,32.6
previous,web design in arizona,0,80,0.0,75.025
previous,web design mesa,0,3,0.0,67.66666666666667
previous,web design mesa arizona,0,12,0.0,90.16666666666667
previous,web design mesa az,0,57,0.0,88.28070175438596
previous,web design service near me,0,1,0.0,28.0
previous,web design services arizona,0,27,0.0,71.4074074074074
previous,web design services gilbert az,0,51,0.0,49.90196078431372
previous,web design services in gilbert az,0,3,0.0,90.66666666666667
previous,web design services mesa,0,19,0.0,79.57894736842105
previous,web design services mesa az,0,23,0.0,83.52173913043478
previous,web design services near me,0,17,0.0,26.41176470588235
previous,web designer az,0,1,0.0,86.0
previous,web designer company near me,0,1,0.0,75.0
previous,web designer in arizona,0,268,0.0,57.00373134328358
previous,web designer in gilbert,0,58,0.0,75.22413793103448
previous,web designer in gilbert az,0,54,0.0,43.05555555555556
previous,web designer mesa az,0,37,0.0,79.86486486486487
previous,web designer near me,0,7,0.0,33.57142857142857
previous,web designer nearby,0,21,0.0,41.76190476190476
previous,web designers arizona az,0,25,0.0,88.96
previous,web designers in arizona,0,332,0.0,46.63253012048193
previous,web designers mesa az,0,3,0.0,90.33333333333333
previous,web designing seo,0,1,0.0,2.0
previous,web dev near me,0,1,0.0,1.0
previous,web developer in phoenix,0,16,0.0,55.875
previous,web developer near me,0,1,0.0,70.0
previous,web developer phoenix,0,246,0.0,79.17479674796748
previous,web developers arizona,0,110,0.0,18.818181818181817
previous,web developers in gilbert arizona,0,15,0.0,1.0
previous,web developers in phoenix az,0,664,0.0,36.62951807228916
previous,web developers near me,0,1,0.0,19.0
previous,web developers phoenix,0,9,0.0,91.0
previous,web developers phoenix az,0,151,0.0,53.56953642384106
previous,web development,0,21,0.0,10.047619047619047
previous,web development agencies,0,1,0.0,1.0
previous,web development agencies in phoenix,0,7,0.0,89.28571428571429
previous,web development agencies near me,0,2,0.0,10.0
previous,web development agency arizona,0,189,0.0,22.455026455026456
previous,web development agency in az,0,58,0.0,42.172413793103445
previous,web development agency phoenix,0,1,0.0,91.0
previous,web development agency scottsdale,0,123,0.0,86.48780487804878
previous,web development companies az,0,38,0.0,25.236842105263158
previous,web development companies in arizona,0,26,0.0,31.692307692307693
previous,web development companies in phoenix,0,2,0.0,95.0
previous,web development companies near me,0,3,0.0,53.333333333333336
previous,web development companies phoenix az,0,66,0.0,79.60606060606061
previous,web development company arizona,0,4,0.0,34.25
previous,web development company gilbert az,0,15,0.0,4.066666666666666
previous,web development company in arizona,0,216,0.0,18.953703703703702
previous,web development company mesa az,0,3,0.0,20.0
previous,web development company phoenix,0,15,0.0,88.26666666666667
previous,web development company phoenix az,0,205,0.0,70.15121951219513
previous,web development gilbert arizona,0,108,0.0,2.3055555555555554
previous,web development in arizona,0,68,0.0,18.602941176470587
previous,web development near me,0,1,0.0,8.0
previous,web development northern arizona,0,1,0.0,46.0
previous,web development phoenix,0,211,0.0,87.04265402843602
previous,web development phoenix az,0,202,0.0,36.43564356435643
previous,web development sedona,0,3,0.0,93.33333333333333
previous,web development service,0,5,0.0,45.4
previous,web development service company,0,1,0.0,3.0
previous,web development services,0,3,0.0,38.333333333333336
previous,web development services phoenix,0,1,0.0,67.0
previous,web digital,0,1,0.0,2.0
previous,web hoster,0,1,0.0,13.0
previous,web hosting,0,1,0.0,14.0
previous,web hosting services,0,4,0.0,13.5
previous,web page design,0,1,0.0,1.0
previous,web page design arizona,0,6,0.0,92.33333333333333
previous,web seo services,0,1,0.0,2.0
previous,web seo solutions,0,8,0.0,84.875
previous,web site design company in arizona,0,1,0.0,55.0
previous,web store designer,0,1,0.0,16.0
previous,webcorp,0,2,0.0,68.0
previous,webcorp solutions,0,17,0.0,73.47058823529412
previous,webcorp.com,0,3,0.0,14.666666666666666
previous,webhosting,0,5,0.0,12.8
previous,website builder,0,4,0.0,10.75
previous,website company near me,0,1,0.0,11.0
previous,website design,0,3,0.0,12.666666666666666
previous,website design agency phoenix,0,4,0.0,37.0
previous,website design arizona,0,21,0.0,78.9047619047619
previous,website design az,0,1,0.0,78.0
previous,website design company gilbert az,0,1,0.0,50.0
previous,website design company near me,0,25,0.0,1.0
previous,website design company phoenix,0,1,0.0,37.0
previous,website design gilbert,0,6,0.0,81.33333333333333
previous,website design gilbert az,0,176,0.0,63.58522727272727
previous,"website design gilbert, arizona",0,14,0.0,61.714285714285715
previous,website design in arizona,0,71,0.0,86.59154929577464
previous,website design mesa,0,1,0.0,72.0
previous,website design mesa arizona,0,1,0.0,76.0
previous,website design mesa az,0,38,0.0,85.26315789473684
previous,"website design mesa, arizona",0,12,0.0,81.25
previous,website design near me,0,2,0.0,1.0
previous,website design phoenix,0,6,0.0,26.166666666666668
previous,website design phoenix az,0,1,0.0,23.0
previous,website designer arizona,0,382,0.0,79.13874345549738
previous,website designer az,0,2,0.0,67.5
previous,website designer gilbert,0,8,0.0,77.625
previous,website designer gilbert az,0,3,0.0,95.33333333333333
previous,website designer in near me,0,10,0.0,23.7
previous,website designer near me,0,6,0.0,32.66666666666667
previous,website designers arizona,0,3,0.0,90.0
previous,website designers near me,0,1,0.0,5.0
previous,website developer,0,2,0.0,8.5
previous,website developer gilbert az,0,112,0.0,11.580357142857142
previous,website developer in phoenix,0,5,0.0,93.6
previous,website developer phoenix,0,61,0.0,86.29508196721312
previous,website developers phoenix,0,1,0.0,96.0
previous,website development agencies,0,2,0.0,1.0
previous,website development and seo company,0,1,0.0,1.0
previous,website development company,0,1,0.0,1.0
previous,website development company gilbert,0,28,0.0,23.107142857142858
previous,website development company in arizona,0,26,0.0,48.26923076923077
previous,website development mesa az,0,27,0.0,38.81481481481482
previous,website development service gilbert az,0,186,0.0,19.79032258064516
previous,website development services arizona,0,31,0.0,63.516129032258064
previous,website development services near me,0,13,0.0,16.53846153846154
previous,website redesign companies,0,1,0.0,1.0
previous,website service,0,5,0.0,1.0
previous,website services,0,2,0.0,1.0
previous,what is a critical error on a website,0,1,0.0,84.0
previous,where get web,0,1,0.0,13.0
previous,wordpress arizona,0,14,0.0,80.64285714285714
previous,wordpress best internal linking plugin,0,24,0.0,82.20833333333333
previous,wordpress critical error,0,488,0.0,77.54303278688525
previous,wordpress critical error on website,0,3,0.0,65.0
previous,wordpress design az,0,3,0.0,97.33333333333333
previous,wordpress design gilbert,0,2,0.0,94.5
previous,wordpress design services arizona,0,9,0.0,78.77777777777777
previous,wordpress designer near me,0,1,0.0,24.0
previous,wordpress developer for restaurants phoenix,0,8,0.0,91.75
previous,wordpress developer for small business phoenix,0,1,0.0,73.0
previous,wordpress developer phoenix,0,3,0.0,84.66666666666667
previous,wordpress developer phoenix az,0,3,0.0,64.33333333333334
previous,wordpress development phoenix,0,3,0.0,94.0
previous,wordpress fatal error,0,1,0.0,76.0
previous,wordpress interlinking plugin,0,11,0.0,92.0
previous,wordpress internal link suggestion,0,1,0.0,93.0
previous,wordpress internal linking plugin,0,389,0.0,73.67352185089975
previous,wordpress internal links 2024,0,3,0.0,80.66666666666667
previous,wordpress internal links plugin,0,18,0.0,68.72222222222223
previous,wordpress plugin for internal link building,0,2,0.0,92.0
previous,wordpress plugin search internal links,0,7,0.0,93.28571428571429
previous,wordpress seo phoenix,0,1,0.0,69.0
previous,wordpress there has been a critical error on this website,0,7,0.0,79.42857142857143
previous,wordpress there has been a critical error on this website.,0,16,0.0,78.6875
previous,wordpress web design in gilbert,0,93,0.0,34.75268817204301
previous,wordpress web designer phoenix,0,1,0.0,102.0
previous,wordpress web designers gilbert,0,24,0.0,65.08333333333333
previous,wordpress website critical error,0,3,0.0,62.333333333333336
previous,wordpress website design arizona,0,56,0.0,89.125
previous,wordpress website designer near me,0,1,0.0,1.0
