query,clicks,impressions,ctr,position
app development,0,1,0,38.0
arizona web designer,0,1,0,90.0
arizona web development,0,1,0,8.0
az corp,0,1,0,78.0
az people app,0,1,0,7.0
az web,0,1,0,42.0
back-end development services,0,1,0,51.0
backend,0,2,0,46.0
backend developer,0,2,0,45.5
backend developer coding workstation,0,3,0,72.66666666666667
backend developer images,0,3,0,26.666666666666668
backend developer wallpaper,0,1,0,67.0
backend development,0,1,0,91.0
backend development images,0,1,0,15.0
backend processing,0,1,0,60.0
backend services,0,1,0,35.0
buy instagram followers app,0,1,0,51.0
digital nomads hq,0,1,0,283.0
front end,0,1,0,71.0
front end development,0,1,0,62.0
frontend,0,1,0,52.0
frontend developing,0,1,0,67.0
frontend development,0,2,0,52.5
frontend development image,0,1,0,59.0
frontend development images,0,2,0,85.5
frontend img,0,3,0,70.33333333333333
frontend logo,0,1,0,85.0
instagram followers hack,0,1,0,61.0
khatabook app,0,1,0,85.0
khatabook web,0,1,0,36.0
mobile app development arizona,0,2,0,12.5
mobile app development in uae,0,1,0,87.0
mobile app development tucson,0,1,0,68.0
mobile apps list az,0,6,0,24.5
search engine optimization arizona,0,1,0,86.0
seo agency in arizona,0,1,0,67.0
seo arizona,0,1,0,31.0
seo company price comparison arizona,0,1,0,70.0
seo consultant mesa,0,1,0,77.0
seo expert arizona,0,1,0,83.0
seo in az,0,1,0,67.0
shopify logo svg,0,1,0,29.0
web design agency arizona,0,3,0,80.33333333333333
web developer jobs phoenix,0,1,0,38.0
web developer phoenix,0,1,0,11.0
web development,0,1,0,80.0
web development backend,0,1,0,61.0
web development companies in arizona,0,2,0,54.0
web development front end,0,1,0,46.0
webcorp,0,22,0,42.81818181818182
webcorp business,0,14,0,37.92857142857143
webcorps,0,2,0,46.5
website development arizona,0,3,0,78.0
