path,id,slug,char_len,meta_description,note
/about-us/,85,about-us,132,"Everything IT is a privately owned Dublin IT company supporting Irish businesses with managed IT, cloud, and cybersecurity services.",
/antrim/,989778,antrim,135,"Professional IT support for businesses across County Antrim. Managed services, cloud, and cybersecurity from an experienced Irish team.",
/armagh/,989777,armagh,135,"Professional IT support for businesses across County Armagh. Managed services, cloud, and cybersecurity from an experienced Irish team.",
/asset-management/,989830,asset-management,66,Asset management addresses the assets used to deliver IT services.,
/audio-visual/,989807,audio-visual,154,"Audio / Visual — Our Approach At Everything IT, we understand the impact that cutting-edge audio and visual technologies can have on a business’s ability.",
/bangor/,989780,bangor,134,"Reliable IT support for Bangor and Co Down businesses. Managed services, cloud, and cybersecurity backed by an experienced Irish team.",
/belfast/,989783,belfast,133,"Professional IT support for Belfast businesses. Managed services, cloud solutions, and cybersecurity from a trusted Irish IT partner.",
/business-broadband/,989808,business-broadband,152,"Business Broadband If your business depends on any cloud-based technology services, your internet connection is a critical component of your day-to-day.",
/business-continuity/,465,business-continuity,131,"Business continuity services for Irish organisations. Keep operating through outages with planned resilience, backup, and recovery.",
/business-continuity/information-security-services/business-continuity-solutions/,988514,business-continuity-solutions,118,"Business Continuity Solutions — In today’s bustling marketplace, businesses cannot afford a single minute of downtime.",
/bvp-case-study/,989767,bvp-case-study,130,BVP – Responsive IT Solutions — We have a lot of confidence in Everything IT to support our IT requirements now and in the future.,
/case-studies/,989695,case-studies,131,"Real client stories from Everything IT — how Irish businesses in healthcare, finance, and technology run their IT with our support.",
/cloud-computing/,989819,cloud-computing,140,"Cloud computing services for Irish businesses. Microsoft 365 and Azure environments designed, migrated, and managed with minimal disruption.",
/cloud-infrastructure-deployment/,989817,cloud-infrastructure-deployment,148,"Cloud Infrastructure — In technical terms, when we talk about migrating to Cloud Infrastructure, we are proposing a move away from Microsoft Active.",
/company-relocation/,989814,company-relocation,128,"Company Relocation — At Everything IT, we pride ourselves on being one of the leading IT relocation specialists in the industry.",
/contact/,83,contact,117,"Get in touch with Everything IT in Dublin. Call +353 1 524 0755, email us, or book a free IT audit for your business.",
/cork/,989791,cork,87,IT Support Services in Cork Expert IT support and managed services for Cork businesses.,
/cybersecurity-dublin/,989829,cybersecurity-dublin,135,"Cybersecurity services in Dublin. Endpoint protection, threat detection, and staff training backed by an ISO 27001 certified framework.",
/business-continuity/information-security-services/cybersecurity-solutions-dublin/,988509,cybersecurity-solutions-dublin,115,Cybersecurity Solutions Dublin Protect your business from cyber threats with ISO 27001 certified security services.,
/business-continuity/managed-services/dedicated-it-support-helpdesk/,988371,dedicated-it-support-helpdesk,126,"Dublin-based IT support helpdesk. Fast, friendly help when something breaks, with remote and on-site engineers across Ireland.",
/derry/,989779,derry,131,"Professional IT support for Derry businesses. Managed services, cloud solutions, and cybersecurity from a trusted Irish IT partner.",
/disaster-recovery-planning-testing/,989826,disaster-recovery-planning-testing,151,Disaster Recovery — The compelling need to drive superior customer experience and business outcome is fuelling the growing trend of hybrid multi cloud.,
/down/,989776,down,133,"Professional IT support for businesses across County Down. Managed services, cloud, and cybersecurity from an experienced Irish team.",
/faq/,989704,faq,125,"Answers to common questions about Everything IT’s managed IT support, cloud, and cybersecurity services for Irish businesses.",
/hosted-data-centre-services/,989834,hosted-data-centre-services,139,Hosted Data Centre Services — Data Center hosting is provided by a facility that stores and maintains servers and applications for clients.,
/hostireland-case-study/,989768,hostireland-case-study,151,HostIreland Case Study Industry: Web Hosting & Technology | Partnership: 10+ Years | Services: ICT Support & Project Management The Challenge As a web.,
/business-continuity/information-security-services/,988503,information-security-services,137,"Robust Information Security Services to Protect Your Digital Assets In today's digital landscape, protecting your information is crucial.",
/inventory-rotation-warehousing-services/,989821,inventory-rotation-warehousing-services,146,"Inventory Rotation & Warehousing Services — Storing, moving, testing, and delivering inventory can also be complex, time-consuming, and expensive.",
/ires-fund-management-case-study/,989766,ires-fund-management-case-study,94,"IRES Fund Management needed speedy, knowledgeable IT expertise they could count on every time.",
/iso-27001-compliance/,989831,iso-27001-compliance,135,"ISO 27001:2022 certified information security and data privacy services from Everything IT, supporting compliance for Irish businesses.",
/it-change-management/,989828,it-change-management,88,IT Change Management — Change management is often driven by the desired future outcomes.,
/it-management-consultancy/,989813,it-management-consultancy,128,IT consultancy for Irish businesses. Independent advice that lines your technology up with where the business is actually going.,
/it-migration-services/,989812,it-migration-services,132,"IT migration services from Everything IT. Plan and execute server, cloud, and office moves with minimal disruption to your business.",
//,146,it-services,132,"Dublin-based managed IT support for Irish businesses. Proactive monitoring, cybersecurity, and cloud services. Book a free IT audit.",
/it-support-dublin-city-centre/,989713,it-support-dublin-city-centre,136,"IT Support Dublin City Centre Professional IT support in Dublin City Centre for businesses in Dublin 1, Dublin 2, and surrounding areas.",
/it-support-galway/,989664,it-support-galway,115,Professional IT Support in Galway Everything IT delivers enterprise-grade IT support in Galway and across Connacht.,
/it-support-ireland-nationwide/,989668,it-support-ireland-nationwide,123,Professional IT Support in Ireland Everything IT delivers enterprise-grade IT support in Ireland and across all of Ireland.,
/it-support-kilkenny/,989667,it-support-kilkenny,121,Professional IT Support in Kilkenny Everything IT delivers enterprise-grade IT support in Kilkenny and across South-East.,
/it-support-limerick/,989665,it-support-limerick,119,Professional IT Support in Limerick Everything IT delivers enterprise-grade IT support in Limerick and across Mid-West.,
/it-support-waterford/,989666,it-support-waterford,123,Professional IT Support in Waterford Everything IT delivers enterprise-grade IT support in Waterford and across South-East.,
/kildare/,989787,kildare,78,IT Support Services in County Kildare Expert IT support across County Kildare.,
/lisburn/,989782,lisburn,133,"Professional IT support for Lisburn businesses. Managed services, cloud solutions, and cybersecurity from a trusted Irish IT partner.",
/louth/,989784,louth,75,IT Support Services in County Louth Expert IT support for Louth businesses.,
/managed-it-services/,989835,managed-it-services,133,"Managed IT services for Irish businesses. Proactive monitoring, helpdesk support, and system management that keeps your team working.",
/managed-print-services/,989837,managed-print-services,78,Managed Print Services Printing bears a significant cost for any organisation.,
/mdm-services-dublin/,989685,mdm-services-dublin,139,"Mobile device management in Dublin. Secure company and staff-owned phones, laptops, and tablets with Microsoft Intune and zero-touch setup.",
/meath/,989785,meath,80,IT Support Services in County Meath Professional IT support across County Meath.,
/mobile-device-management/,989816,mobile-device-management,122,"Mobile device management for Irish businesses. Secure company and staff-owned phones, laptops, and tablets from one place.",
/modern-cloud-working/,989818,modern-cloud-working,127,"Modern cloud working for Irish businesses — move from on-premises servers to secure, flexible cloud your team can use anywhere.",
/network-security-monitoring/,989839,network-security-monitoring,74,Network Security Monitoring Your Network is the backbone of your business.,
/newry/,989781,newry,131,"Professional IT support for Newry businesses. Managed services, cloud solutions, and cybersecurity from a trusted Irish IT partner.",
/north-dublin/,989793,north-dublin,138,"IT Support Services in North Dublin Reliable IT support for North Dublin businesses in Swords, Finglas, Drumcondra, and surrounding areas.",
/on-demand-structured-it-procurement/,989820,on-demand-structured-it-procurement,155,On-Demand & Structured It Procurement — Our Long-Range Plans Keep You Up and Running Everything IT offers long-range procurement plans to organizations so.,
/our-team/,1295,our-team,107,Meet the Everything IT team — the Dublin-based engineers and consultants who look after your IT day to day.,
/privacy-notice/,1648,privacy-notice,133,"How Everything Computer Systems Ltd collects, uses, and protects your personal data, in line with GDPR and Irish data protection law.",
/procurement/,989825,procurement,139,IT procurement services for Irish businesses. The right hardware and software at the right price through direct manufacturer relationships.,
/professional-services/,989815,professional-services,124,IT professional services that align your technology with business goals — from network design to migrations and consultancy.,
/saudi-cultural-bureau-case-study/,989770,saudi-cultural-bureau-case-study,151,Saudi Cultural Bureau Case Study Industry: Government/Cultural | Users: 90+ | Project: Full ICT Infrastructure The Challenge The Saudi Cultural Bureau.,
/secure-scalable-network-design/,989811,secure-scalable-network-design,153,"Secure & Scalable Network Design — Scalability is the ability of a network to cope with increasing workloads in a cost-effective and sustainable way, by.",
/business-continuity/managed-services/service-level-agreements/,473,service-level-agreements,148,Service Level Agreements Our focus at Everything IT is to make sure that your systems continue to run smoothly no matter what service level demands.,
/software-acquisition/,989836,software-acquisition,139,"Navigating the Software Landscape In today’s tech-driven world, selecting the right software is crucial for business efficiency and growth.",
/software-license-management/,989822,software-license-management,147,"Software License Management — When your organisation purchases software, it enters into a license agreement with the licensor upon installation or.",
/south-dublin/,989794,south-dublin,141,"IT Support Services in South Dublin Expert IT support for businesses in South Dublin including Dundrum, Sandyford, Stillorgan, and Blackrock.",
/spectrum-health-case-study/,989774,spectrum-health-case-study,153,"Spectrum Health Case Study Industry: Healthcare | Services: Managed IT Support | Location: Dublin, Ireland The Challenge Healthcare systems must be 100%.",
/spectrum-life-case-study/,989775,spectrum-life-case-study,132,Spectrum.Life Case Study Industry: Healthcare & Wellbeing Technology | Users: 500+ | Locations: UK & Ireland The Challenge Spectrum.,NUMBER-VERIFY
/startup-scale-case-study/,989772,startup-scale-case-study,147,From Startup to Scale – Growing with Everything IT — Startup to Scale Case Study Industry: Technology | Journey: 2021 Startup → Scaled Operation |.,
/strategic-procurement/,989823,strategic-procurement,149,"Strategic Procurement — Everything IT has the facilities, resources, and assets available to provide businesses with smarter and more cost-effective.",
/supply-chain-logistics-amp-quality-control/,989824,supply-chain-logistics-amp-quality-control,155,"Supply Chain Logistics & Quality Control — Quality issues can arise at any point in the supply and logistic chains, and it is critical that any issues are.",
/third-party-services/,989809,third-party-services,151,"Third Party Services — Streamlining Complexity At Everything IT, we specialize in simplifying the intricate process of managing third-party technology.",
/virtualization-services/,989810,virtualization-services,153,"Virtualization is a fairly broad term which encompasses a number of different tasks and processes, but the results are easy to see – it saves businesses.",
/voip-cloud-pbx-technology/,989833,voip-cloud-pbx-technology,144,"VoIP Phone Systems — A fully flexible business phone system allows you to answer or make calls from any handset, laptop, desktop, or smartphone.",
/west-dublin/,989792,west-dublin,131,"IT Support Services in West Dublin Professional IT support in West Dublin covering Blanchardstown, Lucan, Clondalkin, and Tallaght.",
/wicklow/,989786,wicklow,81,IT Support Services in County Wicklow Reliable IT support for Wicklow businesses.,
